qid,label,label_es,description,birth_date,birth_year,birth_precision,birth_calendar,death_date,death_year,death_precision,death_calendar,birth_place_qid,birth_place,death_place_qid,death_place,gender,sitelinks,viaf_id,isni,openlibrary_id,goodreads_id,wikipedia_en,wikipedia_es,conflicting_fields,retrieved_at,seed_names,occupations,citizenships,languages,pseudonyms
Q329758,A. B. Yehoshua,Abraham B. Yehoshúa,Israeli writer (1936–2022),1936-12-09,1936,day,gregorian,2022-06-14,2022,day,gregorian,Q1218,Jerusalem,Q33935,Tel Aviv,male,36,41848108,0000000120245791,OL170744A,6434062,https://en.wikipedia.org/wiki/A._B._Yehoshua,https://es.wikipedia.org/wiki/Abraham_B._Yehosh%C3%BAa,,2026-09-30T15:47:14Z,A. B. Yehoshua,pedagogue | playwright | screenwriter | writer,Israel,English | Hebrew,א. ב. יהושע
Q232417,A. S. Byatt,A. S. Byatt,British writer (1936–2023),1936-08-24,1936,day,gregorian,2023-11-16,2023,day,gregorian,Q42448,Sheffield,Q84,London,female,57,29521863,0000000083677623 | 0000000440353695,OL19066A,1169504,https://en.wikipedia.org/wiki/A._S._Byatt,https://es.wikipedia.org/wiki/A._S._Byatt,,2026-09-30T15:46:57Z,A. S. Byatt,literary critic | novelist | poet | prose writer | university teacher | writer,United Kingdom,English,
Q1446797,Abraham Verghese,Abraham Verghese,"American physician, teacher, novelist",1955-05-30,1955,day,gregorian,,,,,Q3624,Addis Ababa,,,male,14,93233765,0000000084009387,OL2631224A,93353,https://en.wikipedia.org/wiki/Abraham_Verghese,,,2026-09-30T15:46:53Z,Abraham Verghese,physician | university teacher | writer,India | United States,English,
Q79822,Adam Mickiewicz,Adam Mickiewicz,"Polish national poet, dramatist, essayist, publicist, translator, and political activist (1798-1855)",1798-12-24,1798,day,gregorian,1855-11-26,1855,day,gregorian,Q3493620,Zavosse,Q406,Istanbul,male,129,64009368,0000000121363458,OL114808A,209272,https://en.wikipedia.org/wiki/Adam_Mickiewicz,https://es.wikipedia.org/wiki/Adam_Mickiewicz,,2026-09-30T15:47:23Z,Adam Mickiewicz,poet,Poland | Russian Empire,Polish,
Q298035,Adolfo Bioy Casares,Adolfo Bioy Casares,Argentine novelist (1914-1999),1914-09-15,1914,day,gregorian,1999-03-08,1999,day,gregorian,Q1486,Buenos Aires,Q1486,Buenos Aires,male,49,12305230,0000000121207973 | 000000036863773X,OL67141A,3424060,https://en.wikipedia.org/wiki/Adolfo_Bioy_Casares,https://es.wikipedia.org/wiki/Adolfo_Bioy_Casares,,2026-09-30T15:47:14Z,Adolfo Bioy Casares,critic | editor | journalist | photographer | screenwriter | translator | writer,Argentina,Spanish,
Q380787,Adunis,Adonis,"Syrian poet, writer and translator (born 1930)",1930-01-01,1930,day,gregorian,,,,,Q4703087,Al-Qassabin,,,male,55,27059798,0000000120957836,OL176262A,,https://en.wikipedia.org/wiki/Adonis_(poet),https://es.wikipedia.org/wiki/Adonis_(poeta),,2026-09-30T15:47:14Z,Adonis,journalist | literary critic | literary scholar | poet | translator | university teacher | writer,Lebanon,Arabic | French,Adonis | أدونيس | ⴰⴷⵓⵏⵉⵙ
Q40939,Aeschylus,Esquilo,ancient Athenian playwright,-0525,-525,year,julian,-0456,-456,year,julian,Q204905,Elefsina,Q39971,Gela,male,154,104143945 | 2061159477868527990001 | 2522159477570027990008 | 261472932 | 26163567566516380806 | 262861946 | 266321497 | 268159474328927662894 | 268526195 | 3145857035722921320 | 375144647701289307784 | 4372168048993038410008 | 48164536609632021795 | 5226159477830027990009 | 5901159477601127990007 | 7386159477742827990004 | 750154380930930290321 | 78769732 | 805144647705408955770 | 9204159478063327990003,0000000386855773,OL74434A,990,https://en.wikipedia.org/wiki/Aeschylus,https://es.wikipedia.org/wiki/Esquilo,,2026-09-30T15:47:19Z,Aeschylus,playwright | tragedy writer | warrior | writer,Classical Athens,Ancient Greek,
Q35064,Agatha Christie,Agatha Christie,English mystery and detective writer (1890–1976),1890-09-15,1890,day,gregorian,1976-01-12,1976,day,gregorian,Q85743288,Ashfield,Q988100,Wallingford,female,197,71388952,0000000121022127,OL27695A,123715,https://en.wikipedia.org/wiki/Agatha_Christie,https://es.wikipedia.org/wiki/Agatha_Christie,death_place,2026-09-30T15:47:14Z,Agatha Christie,crime fiction writer | novelist | writer,United Kingdom | United Kingdom of Great Britain and Ireland,English,Mary Westmacott
Q4115654,Ahdaf Soueif,Ahdaf Soueif,Egyptian novelist,1950-03-23,1950,day,gregorian,,,,,Q85,Cairo,,,female,20,7550479,0000000118857078,,,https://en.wikipedia.org/wiki/Ahdaf_Soueif,https://es.wikipedia.org/wiki/Ahdaf_Soueif,,2026-09-30T15:47:19Z,Ahdaf Soueif,novelist | translator | writer,Egypt,Arabic | English,
Q401875,Ahmet Hamdi Tanpınar,Ahmet Hamdi Tanpınar,"Turkish poet, novelist, literary scholar and essayist (1901–1962)",1901-06-23,1901,day,gregorian,1962-01-24,1962,day,gregorian,Q406,Istanbul,Q406,Istanbul,male,30,95282087,0000000121442252,OL96888A,,https://en.wikipedia.org/wiki/Ahmet_Hamdi_Tanp%C4%B1nar,https://es.wikipedia.org/wiki/Ahmet_Hamdi_Tanp%C4%B1nar,,2026-09-30T15:47:19Z,Ahmet Hamdi Tanpınar,politician | university teacher | writer,Ottoman Empire | Turkey,Turkish,
Q467869,Alaa Al Aswany,Alaa al-Aswani,Egyptian writer,1957-05-26,1957,day,gregorian,,,,,Q85,Cairo,,,male,31,69184887,0000000122424005,OL2624297A,4465322,https://en.wikipedia.org/wiki/Alaa_Al_Aswany,https://es.wikipedia.org/wiki/Alaa_al-Aswani,,2026-09-30T15:47:19Z,Alaa Al Aswany,dentist | journalist | non-fiction writer | novelist | political activist | screenwriter | short story writer | writer,Egypt,Arabic | French,
Q34670,Albert Camus,Albert Camus,"French philosopher, author, and journalist (1913–1960)",1913-11-07,1913,day,gregorian,1960-01-04,1960,day,gregorian,Q1924629,Dréan,Q471870,Villeblevin,male,205,97000332,0000000122832690,OL124171A,957894,https://en.wikipedia.org/wiki/Albert_Camus,https://es.wikipedia.org/wiki/Albert_Camus,,2026-09-30T15:47:14Z,Albert Camus,French resistance fighter | actor | association football player | essayist | journalist | novelist | opinion journalist | philosopher | playwright | poet | writer,France,French,Louis Neuville
Q161933,Alberto Moravia,Alberto Moravia,Italian writer and journalist (1907-1990),1907-11-28,1907,day,gregorian,1990-09-26,1990,day,gregorian,Q220,Rome,Q220,Rome,male,90,69145858134523022915 | 7394594,0000000122760711 | 0000000368649837,OL20919A,37848,https://en.wikipedia.org/wiki/Alberto_Moravia,https://es.wikipedia.org/wiki/Alberto_Moravia,,2026-09-30T15:46:53Z,Alberto Moravia,writer,Italy,Italian,Alberto Moravia | Pseudo
Q272441,Alejandra Pizarnik,Alejandra Pizarnik,Argentinian poet (1936-1972),1936-04-29,1936,day,gregorian,1972-09-25,1972,day,gregorian,Q753642,Avellaneda,Q1486,Buenos Aires,female,44,17233961,0000000110413691,OL286671A,,https://en.wikipedia.org/wiki/Alejandra_Pizarnik,https://es.wikipedia.org/wiki/Alejandra_Pizarnik,,2026-09-30T15:46:57Z,Alejandra Pizarnik,artist | diarist | librettist | linguist | literary critic | painter | poet | translator | writer,Argentina,French | Spanish,
Q38337,Alexandre Dumas,Alejandro Dumas,French writer and dramatist (1802–1870),1802-07-24,1802,day,gregorian,1870-12-05,1870,day,gregorian,Q213883,Villers-Cotterêts,Q98700834,Puys,male,174,51688902,0000000121012885,OL18236A,4785,https://en.wikipedia.org/wiki/Alexandre_Dumas,https://es.wikipedia.org/wiki/Alejandro_Dumas,,2026-09-30T15:47:19Z,Alexandre Dumas,novelist | playwright | writer,France,French,
Q238557,Alfonsina Storni,Alfonsina Storni,Argentine writer and poet,1892-05-29,1892,day,gregorian,1938-10-25,1938,day,gregorian,Q69043,Capriasca,Q52607,Mar del Plata,female,54,90658830,0000000108591624,OL89027A,175807,https://en.wikipedia.org/wiki/Alfonsina_Storni,https://es.wikipedia.org/wiki/Alfonsina_Storni,,2026-09-30T15:46:57Z,Alfonsina Storni,actor | diarist | journalist | poet | sociologist | teacher | writer,Argentina,Spanish,
Q234819,Alice Munro,Alice Munro,Canadian writer (1931–2024),1931-07-10,1931,day,gregorian,2024-05-13,2024,day,gregorian,Q4249510,Wingham,Q613870,Port Hope,female,127,68944521,0000000122812833 | 000000036865170X,OL82236A,6410,https://en.wikipedia.org/wiki/Alice_Munro,https://es.wikipedia.org/wiki/Alice_Munro,,2026-09-30T15:46:57Z,Alice Munro,journalist | novelist | screenwriter | short story writer | writer,Canada,English,
Q215868,Alice Walker,Alice Walker,American author and activist (born 1944),1944-02-09,1944,day,gregorian,,,,,Q1010015,Eatonton,,,female,96,108495772,0000000114547953,OL217774A | OL2629213A,7380,https://en.wikipedia.org/wiki/Alice_Walker,https://es.wikipedia.org/wiki/Alice_Walker,,2026-09-30T15:46:57Z,Alice Walker,actor | children's writer | civil rights advocate | climate activist | educator | essayist | film producer | novelist | poet | screenwriter | short story writer | university teacher | writer,United States,English,
Q274348,Almudena Grandes,Almudena Grandes,Spanish writer (1960-2021),1960-05-07,1960,day,gregorian,2021-11-27,2021,day,gregorian,Q2807,Madrid,Q2807,Madrid,female,33,112010315,0000000121479936,OL340785A,34291,https://en.wikipedia.org/wiki/Almudena_Grandes,https://es.wikipedia.org/wiki/Almudena_Grandes,,2026-09-30T15:47:14Z,Almudena Grandes,journalist | novelist | screenwriter | short story writer | writer,Spain,Spanish,
Q115243,Amin Maalouf,Amin Maalouf,Francophone Lebanese writer based in Frances,1949-02-25,1949,day,gregorian,,,,,Q3820,Beirut,,,male,71,108192345 | 617158915859250000000,0000000121468487,OL46671A,36378 | 4456125,https://en.wikipedia.org/wiki/Amin_Maalouf,https://es.wikipedia.org/wiki/Amin_Maalouf,,2026-09-30T15:46:53Z,Amin Maalouf,historian | journalist | librettist | novelist | science fiction writer | writer,France | Lebanon,Arabic | English | French,
Q336125,Amitav Ghosh,Amitav Ghosh,Indian writer,1956-07-11,1956,day,gregorian,,,,,Q1348,Kolkata,,,male,48,261269554,0000000439584656 | 0000000445170230,OL105306A,3369,https://en.wikipedia.org/wiki/Amitav_Ghosh,https://es.wikipedia.org/wiki/Amitav_Ghosh,,2026-09-30T15:47:14Z,Amitav Ghosh,journalist | literary critic | novelist | university teacher | writer,India,English,
Q151872,Amos Oz,Amos Oz,"Israeli writer, novelist, journalist and intellectual (1939–2018)",1939-05-04,1939,day,gregorian,2018-12-28,2018,day,gregorian,Q1218,Jerusalem,Q190828,Petah Tikva,male,65,39382165,0000000121007576,OL170730A,15496,https://en.wikipedia.org/wiki/Amos_Oz,https://es.wikipedia.org/wiki/Amos_Oz,,2026-09-30T15:46:53Z,Amos Oz,children's writer | essayist | journalist | linguist | novelist | pedagogue | poet | short story writer | translator | university teacher | writer,Israel,English | Hebrew,
Q234989,Amy Tan,Amy Tan,American novelist,1952-02-19,1952,day,gregorian,,,,,Q17042,Oakland,,,female,49,110768273,0000000122380225,OL220796A,5246,https://en.wikipedia.org/wiki/Amy_Tan,https://es.wikipedia.org/wiki/Amy_Tan,,2026-09-30T15:46:57Z,Amy Tan,children's writer | essayist | novelist | screenwriter | writer,United States,English | Mandarin,
Q235403,Ana María Matute,Ana María Matute,Spanish writer,1925-07-26,1925,day,gregorian,2014-06-25,2014,day,gregorian,Q1492,Barcelona,Q1492,Barcelona,female,39,98041386,0000000121447811,OL89931A,38190,https://en.wikipedia.org/wiki/Ana_Mar%C3%ADa_Matute,https://es.wikipedia.org/wiki/Ana_Mar%C3%ADa_Matute,,2026-09-30T15:46:57Z,Ana María Matute,children's writer | literary critic | novelist | poet | writer,Spain,Catalan | Spanish,
Q4755130,Andrea Hirata,Andrea Hirata,Indonesian writer,1967-10-24,1967,day,gregorian,,,,,Q334771,Belitung Island,,,male,14,19426463,0000000053722331,OL6729929A,647438,https://en.wikipedia.org/wiki/Andrea_Hirata,,,2026-09-30T15:47:19Z,Andrea Hirata,novelist | writer,Indonesia,English,
Q315147,Andrei Platonov,Andréi Platónov,Russian author (1899–1951),1899-08-16,1899,day,julian,1951-01-05,1951,day,gregorian,Q3426,Voronezh,Q649,Moscow,male,54,95204396,0000000120310346,OL30647A,,https://en.wikipedia.org/wiki/Andrei_Platonov,https://es.wikipedia.org/wiki/Andr%C3%A9i_Plat%C3%B3nov,,2026-09-30T15:47:14Z,Andrey Platonov,critic | novelist | playwright | poet | prose writer | science fiction writer | writer,Russian Empire | Russian Republic | Russian Socialist Federative Soviet Republic | Soviet Union,Russian,А Вагулов | А. Фирсов | Платонов | Ф. Человеков
Q268495,Anita Desai,Anita Desai,"Indian novelist, University professor (born 1937)",1937-06-24,1937,day,gregorian,,,,,Q668395,Mussoorie,,,female,49,54161277,0000000109084288,OL34163A,8841,https://en.wikipedia.org/wiki/Anita_Desai,https://es.wikipedia.org/wiki/Anita_Desai,,2026-09-30T15:46:57Z,Anita Desai,author | novelist | professor | short story writer | university teacher | writer,India,English | German,
Q231944,Ann Radcliffe,Ann Radcliffe,English author and pioneer of the Gothic novel (1764–1823),1764-07-09,1764,day,gregorian,1823-02-07,1823,day,gregorian,Q123624,Holborn,Q84,London,female,61,64010774,0000000110674293,OL54732A,43220,https://en.wikipedia.org/wiki/Ann_Radcliffe,https://es.wikipedia.org/wiki/Ann_Radcliffe,,2026-09-30T15:46:57Z,Ann Radcliffe,novelist | writer,Kingdom of Great Britain | United Kingdom of Great Britain and Ireland,English,
Q4583,Anne Frank,Ana Frank,German-born Dutch Jewish diarist and Holocaust victim (1929–1945),1929-06-12,1929,day,gregorian,1945-02,1945,month,gregorian,Q28196010,Maingau Clinic of the Red Cross,Q7332,Bergen-Belsen concentration camp,female,170,27064673,0000000121251130,OL446842A,3720,https://en.wikipedia.org/wiki/Anne_Frank,https://es.wikipedia.org/wiki/Ana_Frank,,2026-09-30T15:47:19Z,Anne Frank,diarist,Nazi Germany | Weimar Republic | statelessness,Dutch | German,
Q184785,Anne Rice,Anne Rice,American author (1941–2021),1941-10-04,1941,day,gregorian,2021-12-11,2021,day,gregorian,Q34404,New Orleans,Q506446,Rancho Mirage,female,73,111989334,000000012147991X | 0000000372894173,OL39486A,7577,https://en.wikipedia.org/wiki/Anne_Rice,https://es.wikipedia.org/wiki/Anne_Rice,,2026-09-30T15:46:53Z,Anne Rice,novelist | screenwriter | writer,United States,English,A. N. Roquelaure | Anne Rampling
Q1153825,Annie Ernaux,Annie Ernaux,French writer (born 1940),1940-09-01,1940,day,gregorian,,,,,Q837563,Lillebonne,,,female,93,51677529,0000000121012834,OL29466A,56176,https://en.wikipedia.org/wiki/Annie_Ernaux,https://es.wikipedia.org/wiki/Annie_Ernaux,,2026-09-30T15:46:53Z,Annie Ernaux,teacher | writer,France,French,
Q5685,Anton Chekhov,Antón Chéjov,Russian dramatist and author (1860–1904),1860-01-29,1860,day,gregorian,1904-07-15,1904,day,gregorian,Q170513,Taganrog,Q25430,Badenweiler,male,240,95216565,0000000121031904,OL19677A,5031025,https://en.wikipedia.org/wiki/Anton_Chekhov,https://es.wikipedia.org/wiki/Ant%C3%B3n_Ch%C3%A9jov,,2026-09-30T15:47:23Z,Anton Chekhov,film screenwriter | journalist | librettist | physician | playwright | prose writer | satirist | short story writer | writer,Russian Empire,Russian,Антоша Чехонте | Брат моего брата | Человек без селизёнки
Q450335,Antonio Muñoz Molina,Antonio Muñoz Molina,Spanish writer (born 1956),1956-01-10,1956,day,gregorian,,,,,Q329984,Úbeda,,,male,33,111562016,0000000109358082,OL2786532A,39280,https://en.wikipedia.org/wiki/Antonio_Mu%C3%B1oz_Molina,https://es.wikipedia.org/wiki/Antonio_Mu%C3%B1oz_Molina,,2026-09-30T15:47:19Z,Antonio Muñoz Molina,author | journalist | novelist | writer,Spain,Spanish,
Q333849,António Lobo Antunes,António Lobo Antunes,Portuguese writer (1942-2026),1942-09-01,1942,day,gregorian,2026-03-05,2026,day,gregorian,Q597,Lisbon,Q597,Lisbon,male,43,85327033,0000000121028123,OL2703312A | OL4570914A,40485,https://en.wikipedia.org/wiki/Ant%C3%B3nio_Lobo_Antunes,https://es.wikipedia.org/wiki/Ant%C3%B3nio_Lobo_Antunes,,2026-09-30T15:47:14Z,António Lobo Antunes,chronicler | physician | psychiatrist | writer,Portugal,Portuguese,
Q868,Aristotle,Aristóteles,Greek philosopher,-0384,-384,year,julian,-0322,-322,year,julian,Q846127,Stageira,Q21235810,Chalcis,male,319,108159371 | 4306168049039238410003 | 605144647705519704282 | 7524651,0000000123748095,OL22105A | OL6856645A,2192,https://en.wikipedia.org/wiki/Aristotle,https://es.wikipedia.org/wiki/Arist%C3%B3teles,,2026-09-30T15:47:23Z,Aristotle,philosopher,,Ancient Greek,
Q47087,Arthur C. Clarke,Arthur C. Clarke,"British science fiction writer, inventor, and futurist (1917–2008)",1917-12-16,1917,day,gregorian,2008-03-19,2008,day,gregorian,Q1020217,Minehead,Q35381,Colombo,male,128,27062571,0000000121251034,OL2623461A,7779,https://en.wikipedia.org/wiki/Arthur_C._Clarke,https://es.wikipedia.org/wiki/Arthur_C._Clarke,,2026-09-30T15:47:19Z,Arthur C. Clarke,explorer | futurist | inventor | non-fiction writer | novelist | physicist | science fiction writer | screenwriter | writer,United Kingdom,English,Charles Willis | E.G. O'Brien
Q35610,Arthur Conan Doyle,Arthur Conan Doyle,British writer and physician (1859–1930),1859-05-22,1859,day,gregorian,1930-07-07,1930,day,gregorian,Q23436,Edinburgh,Q26581378,Windlesham Manor,male,183,65283845,0000000122810491,OL161167A | OL2623297A,2448,https://en.wikipedia.org/wiki/Arthur_Conan_Doyle,https://es.wikipedia.org/wiki/Arthur_Conan_Doyle,,2026-09-30T15:47:14Z,Arthur Conan Doyle,children's writer | crime fiction writer | essayist | historian | novelist | physician | physician writer | playwright | science fiction writer | screenwriter | short story writer | writer,United Kingdom | United Kingdom of Great Britain and Ireland,English,
Q44331,Arthur Schnitzler,Arthur Schnitzler,Austrian writer (1862–1931),1862-05-15,1862,day,gregorian,1931-10-21,1931,day,gregorian,Q1741,Vienna,Q1741,Vienna,male,84,82526567,0000000121415481,OL18374A,38658,https://en.wikipedia.org/wiki/Arthur_Schnitzler,https://es.wikipedia.org/wiki/Arthur_Schnitzler,,2026-09-30T15:47:19Z,Arthur Schnitzler,film screenwriter | novelist | physician | physician writer | playwright | poet | prose writer | psychiatrist | screenwriter | television writer | writer,Austria | Austrian Empire | Cisleithania,German,
Q155106,Arturo Pérez-Reverte,Arturo Pérez-Reverte,Spanish writer and journalist,1951-11-25,1951,day,gregorian,,,,,Q162615,Cartagena,,,male,47,36965639,0000000121281719,OL2661154A,40398,https://en.wikipedia.org/wiki/Arturo_P%C3%A9rez-Reverte,https://es.wikipedia.org/wiki/Arturo_P%C3%A9rez-Reverte,,2026-09-30T15:46:53Z,Arturo Pérez-Reverte,editor-in-chief | journalist | novelist | reporter | television presenter | war correspondent | writer,Spain,Spanish,
Q212801,Arundhati Roy,Arundhati Roy,"Indian novelist, essayist, and activist",1961-11-24,1961,day,gregorian,,,,,Q207752,Shillong,,,female,95,76457869,0000000110716772,OL104867A,6134,https://en.wikipedia.org/wiki/Arundhati_Roy,https://es.wikipedia.org/wiki/Arundhati_Roy,,2026-09-30T15:46:57Z,Arundhati Roy,activist | actor | essayist | film actor | film screenwriter | journalist | novelist | political activist | screenwriter | television writer | writer,India,English | Hindi,
Q55767,Astrid Lindgren,Astrid Lindgren,Swedish writer of fiction and screenplays (1907–2002),1907-11-14,1907,day,gregorian,2002-01-28,2002,day,gregorian,Q10715638,Vimmerby Parish,Q10511165,Gustav Vasa parish,female,117,97119817,0000000084029206,OL24950A,410653,https://en.wikipedia.org/wiki/Astrid_Lindgren,https://es.wikipedia.org/wiki/Astrid_Lindgren,,2026-09-30T15:47:19Z,Astrid Lindgren,children's writer | novelist | screenwriter | writer | young adult author,Sweden,Danish | Swedish,
Q2751383,Atul Gawande,Atul Gawande,American surgeon,1965-11-05,1965,day,gregorian,,,,,Q18419,Brooklyn,,,male,24,121901025,0000000080444875,OL1485501A,3078,https://en.wikipedia.org/wiki/Atul_Gawande,https://es.wikipedia.org/wiki/Atul_Gawande,,2026-09-30T15:47:14Z,Atul Gawande,journalist | medical author | professor | researcher | surgeon,United States,English,
Q7724,August Strindberg,August Strindberg,Swedish writer and painter (1849–1912),1849-01-22,1849,day,gregorian,1912-05-14,1912,day,gregorian,Q1754,Stockholm,Q3433770,Adolf Fredriks parish,male,118,54154627,0000000121334198,OL65966A,6815,https://en.wikipedia.org/wiki/August_Strindberg,https://es.wikipedia.org/wiki/August_Strindberg,,2026-09-30T15:47:23Z,August Strindberg,artist | autobiographer | essayist | librettist | novelist | painter | photographer | playwright | poet | prose writer | screenwriter | writer,Sweden,French | Swedish,
Q13005,Ba Jin,Ba Jin,Chinese novelist and anarchist activist (1904-2005),1904-11-25,1904,day,gregorian,2005-10-17,2005,day,gregorian,Q30002,Chengdu,Q8686,Shanghai,male,46,19673501,0000000121229187,OL5418881A | OL783268A,149049,https://en.wikipedia.org/wiki/Ba_Jin,https://es.wikipedia.org/wiki/Ba_Jin,,2026-09-30T15:46:53Z,Ba Jin,Esperantist | autobiographer | children's writer | politician | translator | writer,People's Republic of China,Chinese | English | Esperanto | French | Standard Chinese,Ba Jin
Q238970,Banana Yoshimoto,Banana Yoshimoto,Japanese writer,1964-07-24,1964,day,gregorian,,,,,Q212713,Bunkyō-ku,,,female,48,97227870,0000000121446472 | 0000000368645967,OL384307A,28229,https://en.wikipedia.org/wiki/Banana_Yoshimoto,https://es.wikipedia.org/wiki/Banana_Yoshimoto,,2026-09-30T15:46:57Z,Banana Yoshimoto,essayist | novelist | short story writer | writer,Japan,Japanese,
Q484988,Bao Ninh,Bảo Ninh,Vietnamese novelist,1952-10-18,1952,day,gregorian,,,,,Q36587,Nghệ An,,,male,11,99523950,0000000110006586,OL2645428A,,https://en.wikipedia.org/wiki/B%E1%BA%A3o_Ninh,https://es.wikipedia.org/wiki/B%E1%BA%A3o_Ninh,,2026-09-30T15:47:19Z,Bao Ninh,biochemist | writer,Vietnam,Vietnamese,
Q2020488,Bapsi Sidhwa,Bapsi Sidhwa,Pakistani American author,1938-08-11,1938,day,gregorian,2024-12-25,2024,day,gregorian,Q8660,Karachi,Q16555,Houston,female,22,44960819,0000000116323427,,22607,https://en.wikipedia.org/wiki/Bapsi_Sidhwa,,birth_date,2026-09-30T15:46:57Z,Bapsi Sidhwa,novelist | screenwriter | writer,British Raj | Pakistan | United States,English | Urdu,
Q214565,Beatrix Potter,Beatrix Potter,British children's writer and illustrator (1866–1943),1866-07-28,1866,day,gregorian,1943-12-22,1943,day,gregorian,Q256382,West Brompton,Q89463712,Near Sawrey,female,87,59088051,0000000121348055,OL32541A,11593,https://en.wikipedia.org/wiki/Beatrix_Potter,https://es.wikipedia.org/wiki/Beatrix_Potter,,2026-09-30T15:46:57Z,Beatrix Potter,artist | botanist | children's writer | conservationist | illustrator | mycologist | novelist | painter | scientific illustrator | writer,United Kingdom,English,
Q315362,Ben Okri,Ben Okri,Nigerian-born British poet and novelist (1959-),1959-03-15,1959,day,gregorian,,,,,Q994105,Minna,,,male,48,76380613,0000000121401864,OL81940A,31425,https://en.wikipedia.org/wiki/Ben_Okri,https://es.wikipedia.org/wiki/Ben_Okri,,2026-09-30T15:47:14Z,Ben Okri,author | journalist | literary scholar | novelist | poet | writer,Nigeria | United Kingdom,English | German | Nigerian Pidgin,
Q189869,Benito Pérez Galdós,Benito Pérez Galdós,Spanish realist novelist (1843–1920),1843-05-10,1843,day,gregorian,1920-01-04,1920,day,gregorian,Q11974,Las Palmas de Gran Canaria,Q27243291,calle de Hilarión Eslava,male,72,71395987,0000000121386297,OL68704A,25574,https://en.wikipedia.org/wiki/Benito_P%C3%A9rez_Gald%C3%B3s,https://es.wikipedia.org/wiki/Benito_P%C3%A9rez_Gald%C3%B3s,,2026-09-30T15:46:57Z,Benito Pérez Galdós,journalist | novelist | playwright | poet | politician | writer,Spain,Spanish,
Q221771,Bernardo Atxaga,Bernardo Atxaga,"Basque-language writer from Gipuzkoa, Spain",1951-07-27,1951,day,gregorian,,,,,Q1619436,Asteasu,,,male,37,114350491,0000000110331063,OL261016A,25835,https://en.wikipedia.org/wiki/Bernardo_Atxaga,https://es.wikipedia.org/wiki/Bernardo_Atxaga,,2026-09-30T15:46:57Z,Bernardo Atxaga,children's writer | novelist | poet | screenwriter | short story writer | writer,Spain,Basque | Spanish,Bernardo Atxaga
Q6841352,Bilge Karasu,Bilge Karasu,Turkish writer (1930–1995),1930-01-09,1930,day,gregorian,1995-07-13,1995,day,gregorian,Q406,Istanbul,Q3640,Ankara,male,12,14836185,0000000032662771,,355852,https://en.wikipedia.org/wiki/Bilge_Karasu,,,2026-09-30T15:47:23Z,Bilge Karasu,translator | writer,Turkey,Turkish,
Q242130,Bohumil Hrabal,Bohumil Hrabal,Czech writer (1914–1997),1914-03-28,1914,day,gregorian,1997-02-03,1997,day,gregorian,Q9179451,Brno-Židenice,Q1085,Prague,male,56,34458072,000000008370904X,OL73209A,50071,https://en.wikipedia.org/wiki/Bohumil_Hrabal,https://es.wikipedia.org/wiki/Bohumil_Hrabal,birth_place,2026-09-30T15:46:57Z,Bohumil Hrabal,jurist | novelist | poet | poet lawyer | prose writer | satirical novelist | screenwriter | translator | writer,Czech Republic | Czechoslovakia,Czech,
Q36184,Bram Stoker,Bram Stoker,Irish novelist and short story writer (1847–1912),1847-11-08,1847,day,gregorian,1912-04-20,1912,day,gregorian,Q2328356,Clontarf,Q7593197,St George's Square,male,107,17229847,0000000121222356,OL31727A,6988,https://en.wikipedia.org/wiki/Bram_Stoker,https://es.wikipedia.org/wiki/Bram_Stoker,,2026-09-30T15:47:14Z,Bram Stoker,clerk | journalist | novelist | screenwriter | theatre critic | theatre manager | writer,Ireland | United Kingdom of Great Britain and Ireland,English,
Q457608,Brandon Sanderson,Brandon Sanderson,American fantasy writer (born 1975),1975-12-19,1975,day,gregorian,,,,,Q28260,Lincoln,,,male,48,50418535,0000000114724577,OL1394865A,38550,https://en.wikipedia.org/wiki/Brandon_Sanderson,https://es.wikipedia.org/wiki/Brandon_Sanderson,,2026-09-30T15:47:19Z,Brandon Sanderson,author | novelist | short story writer | teacher | writer,United States,English,
Q148886,Bruno Schulz,Bruno Schulz,Jewish novelist and painter (1892-1942),1892-07-12,1892,day,gregorian,1942-11-19,1942,day,gregorian,Q158821,Drohobych,Q5308221,Drohobych Ghetto,male,57,19684237,0000000122771568,OL2657678A,142899,https://en.wikipedia.org/wiki/Bruno_Schulz,https://es.wikipedia.org/wiki/Bruno_Schulz,,2026-09-30T15:46:53Z,Bruno Schulz,draftsperson | graphic artist | literary critic | painter | writer,Austria–Hungary | Second Polish Republic | Ukrainian People's Republic | West Ukrainian People's Republic,Polish,
Q461675,Buchi Emecheta,Buchi Emecheta,Nigerian writer (1944–2017),1944-07-21,1944,day,gregorian,2017-01-25,2017,day,gregorian,Q8673,Lagos,Q84,London,female,46,268689069,0000000109363682,OL351778A,86920,https://en.wikipedia.org/wiki/Buchi_Emecheta,https://es.wikipedia.org/wiki/Buchi_Emecheta,,2026-09-30T15:47:19Z,Buchi Emecheta,children's writer | editor | novelist | playwright | sociologist | writer,Nigeria,English | Igbo | Nigerian Pidgin,
Q9204,C. S. Lewis,C. S. Lewis,"British writer, lay theologian, and scholar (1898–1963)",1898-11-29,1898,day,gregorian,1963-11-22,1963,day,gregorian,Q10686,Belfast,Q34217,Oxford,male,132,22144877,0000000121235691 | 000000036863861X | 0000000368638628,OL31574A,1069006,https://en.wikipedia.org/wiki/C._S._Lewis,https://es.wikipedia.org/wiki/C._S._Lewis,,2026-09-30T15:47:23Z,C. S. Lewis,theologian | university teacher | writer,United Kingdom,English,Clive Hamilton | N. W. Clerk
Q365423,Camilo Castelo Branco,Camilo Castelo Branco,19th-century Portuguese writer (1825–1890),1825-03-16,1825,day,gregorian,1890-06-01,1890,day,gregorian,Q597,Lisbon,Q1464859,Seide,male,31,7399630,0000000120955267,OL125798A,465498,https://en.wikipedia.org/wiki/Camilo_Castelo_Branco,https://es.wikipedia.org/wiki/Camilo_Castelo_Branco,,2026-09-30T15:47:14Z,Camilo Castelo Branco,historian | playwright | poet | translator | writer,Kingdom of Portugal,French | Portuguese,
Q132589,Camilo José Cela,Camilo José Cela,Spanish writer (1916–2002),1916-05-11,1916,day,gregorian,2002-01-17,2002,day,gregorian,Q3332445,Iria Flavia,Q2807,Madrid,male,98,14767431,0000000121213855,OL83751A,34773,https://en.wikipedia.org/wiki/Camilo_Jos%C3%A9_Cela,https://es.wikipedia.org/wiki/Camilo_Jos%C3%A9_Cela,,2026-09-30T15:46:53Z,Camilo José Cela,essayist | film actor | journalist | novelist | poet | politician | university teacher | writer,Spain,Spanish,
Q1072531,Can Xue,Can Xue,"Chinese writer, literary critic, and tailor",1953-05-30,1953,day,gregorian,,,,,Q174091,Changsha,,,female,20,317289790,0000000452881794,OL2827678A,64753,https://en.wikipedia.org/wiki/Can_Xue,https://es.wikipedia.org/wiki/Can_Xue,,2026-09-30T15:46:53Z,Can Xue,literary critic | tailor | writer,People's Republic of China,Chinese,残雪
Q410,Carl Sagan,Carl Sagan,"American astrophysicist, cosmologist and author (1934–1996)",1934-11-09,1934,day,gregorian,1996-12-20,1996,day,gregorian,Q18419,Brooklyn,Q5083,Seattle,male,143,36997809,0000000121282295,OL450295A,10538,https://en.wikipedia.org/wiki/Carl_Sagan,https://es.wikipedia.org/wiki/Carl_Sagan,,2026-09-30T15:47:19Z,Carl Sagan,astronomer | astrophysicist | cosmologist | naturalist | non-fiction writer | novelist | physicist | planetary scientist | science communicator | science fiction writer | science writer | screenwriter | space scientist | television presenter | university teacher | writer,United States,English,
Q154691,Carlos Fuentes,Carlos Fuentes,Mexican writer (1928–2012),1928-11-11,1928,day,gregorian,2012-05-15,2012,day,gregorian,Q3306,Panama City,Q1489,Mexico City,male,81,43057803,0000000121301089,OL4333664A,1367127,https://en.wikipedia.org/wiki/Carlos_Fuentes,https://es.wikipedia.org/wiki/Carlos_Fuentes,,2026-09-30T15:46:53Z,Carlos Fuentes,critic | diplomat | journalist | lawyer | lecturer | novelist | opinion journalist | playwright | poet | poet lawyer | polymath | prose writer | screenwriter | writer,Mexico,Spanish,
Q296752,Carlos Ruiz Zafón,Carlos Ruiz Zafón,Spanish writer (1964-2020),1964-09-25,1964,day,gregorian,2020-06-19,2020,day,gregorian,Q1492,Barcelona,Q65,Los Angeles,male,64,95219127,0000000121031912,OL2632116A,815,https://en.wikipedia.org/wiki/Carlos_Ruiz_Zaf%C3%B3n,https://es.wikipedia.org/wiki/Carlos_Ruiz_Zaf%C3%B3n,,2026-09-30T15:47:14Z,Carlos Ruiz Zafón,film screenwriter | journalist | novelist | publicist | screenwriter | writer,Spain,Catalan | Spanish,
Q269123,Carmen Laforet,Carmen Laforet,Spanish author (1921-2004),1921-09-06,1921,day,gregorian,2004-02-28,2004,day,gregorian,Q11920733,Esquerra de l'Eixample,Q427505,Majadahonda,female,30,27138081,0000000121252934,OL133731A,35245,https://en.wikipedia.org/wiki/Carmen_Laforet,https://es.wikipedia.org/wiki/Carmen_Laforet,,2026-09-30T15:46:57Z,Carmen Laforet,novelist | writer,Spain,German | Spanish,Carmen Laforet
Q268582,Carmen Martín Gaite,Carmen Martín Gaite,Spanish writer (1925-2000),1925-12-08,1925,day,gregorian,2000-07-22,2000,day,gregorian,Q15695,Salamanca,Q2807,Madrid,female,25,4943901,0000000097222478 | 0000000353881457,OL4902525A,39195,https://en.wikipedia.org/wiki/Carmen_Mart%C3%ADn_Gaite,https://es.wikipedia.org/wiki/Carmen_Mart%C3%ADn_Gaite,,2026-09-30T15:46:57Z,Carmen Martín Gaite,children's writer | essayist | journalist | literary critic | novelist | poet | short story writer | television writer | translator | writer,Spain,Spanish,
Q2022,Cesare Pavese,Cesare Pavese,"Italian writer, literary critic, and translator (1908–1950)",1908-09-09,1908,day,gregorian,1950-08-27,1950,day,gregorian,Q20486,Santo Stefano Belbo,Q495,Turin,male,80,36922880,0000000121280484,OL4326210A,76241,https://en.wikipedia.org/wiki/Cesare_Pavese,https://es.wikipedia.org/wiki/Cesare_Pavese,,2026-09-30T15:46:57Z,Cesare Pavese,biographer | journalist | librettist | linguist | literary critic | literary editor | poet | screenwriter | translator | writer,Italy | Kingdom of Italy,English | Italian,
Q5686,Charles Dickens,Charles Dickens,English novelist and social critic (1812–1870),1812-02-07,1812,day,gregorian,1870-06-09,1870,day,gregorian,Q1803681,Landport,Q5516441,Gads Hill Place,male,250,88666393 | 91912703,0000000448885549,OL24638A,239579,https://en.wikipedia.org/wiki/Charles_Dickens,https://es.wikipedia.org/wiki/Charles_Dickens,,2026-09-30T15:47:23Z,Charles Dickens,author | botanist | children's writer | court reporter | editor | journalist | novelist | parliamentary stenographer | playwright | prose writer | short story writer | social critic | writer,United Kingdom of Great Britain and Ireland,British English | English,بوز
Q230141,Chimamanda Ngozi Adichie,Chimamanda Ngozi Adichie,Nigerian writer (born 1977),1977-09-15,1977,day,gregorian,,,,,Q465022,Enugu,,,female,96,87194517,0000000114510288,OL1393502A,19992417,https://en.wikipedia.org/wiki/Chimamanda_Ngozi_Adichie,https://es.wikipedia.org/wiki/Chimamanda_Ngozi_Adichie,,2026-09-30T15:46:57Z,Chimamanda Ngozi Adichie,cook | journalist | non-fiction writer | novelist | poet | satirical novelist | short story writer | writer,Nigeria,English | Igbo | Nigerian Pidgin,
Q155845,Chinua Achebe,Chinua Achebe,"Nigerian novelist, poet, professor, and critic (1930-2013)",1930-11-16,1930,day,gregorian,2013-03-21,2013,day,gregorian,Q7080027,Ogidi,Q100,Boston,male,105,24596756,0000000122774961,OL4339419A | OL78910A,8051,https://en.wikipedia.org/wiki/Chinua_Achebe,https://es.wikipedia.org/wiki/Chinua_Achebe,,2026-09-30T15:46:53Z,Chinua Achebe,essayist | journalist | literary critic | novelist | philosopher | poet | satirical novelist | screenwriter | university teacher | writer,Colonial Nigeria | Nigeria,English | Igbo | Nigerian Pidgin,
Q60713260,Cho Nam-joo,Cho Nam-joo,South Korean writer,1978,1978,year,gregorian,,,,,Q8684,Seoul,,,female,15,249815623,0000000460558831,OL7836616A,16497955 | 18411253 | 18720847 | 18723253 | 21147670,https://en.wikipedia.org/wiki/Cho_Nam-joo,https://es.wikipedia.org/wiki/Cho_Nam-joo,,2026-09-30T15:47:23Z,Cho Nam-joo,novelist | screenwriter | writer,South Korea,Korean,
Q57382,Christa Wolf,Christa Wolf,German novelist and essayist (1929–2011),1929-03-18,1929,day,gregorian,2011-12-01,2011,day,gregorian,Q104731,Gorzów Wielkopolski,Q64,Berlin,female,65,109289723,0000000121473104 | 0000000368646863,OL61330A,61946,https://en.wikipedia.org/wiki/Christa_Wolf,https://es.wikipedia.org/wiki/Christa_Wolf,,2026-09-30T15:47:23Z,Christa Wolf,author | critic | editing staff | essayist | journalist | librettist | literary critic | novelist | politician | science fiction writer | screenwriter | writer,German Democratic Republic | Germany,German,
Q236596,Christina Rossetti,Christina Rossetti,English poet (1830–1894),1830-12-05,1830,day,gregorian,1894-12-29,1894,day,gregorian,Q84,London,Q84,London,female,66,44318353,0000000110597312,OL36807A,143178,https://en.wikipedia.org/wiki/Christina_Rossetti,https://es.wikipedia.org/wiki/Christina_Rossetti,,2026-09-30T15:46:57Z,Christina Rossetti,hymnwriter | librettist | poet | writer,United Kingdom of Great Britain and Ireland,English,
Q235955,Clarice Lispector,Clarice Lispector,"Ukrainian-Brazilian writer, poet, and journalist (1920–1977)",1920-12-10,1920,day,gregorian,1977-12-09,1977,day,gregorian,Q1721808,Chechelnyk,Q8678,Rio de Janeiro,female,63,100251797,0000000123213998,OL93118A,86098,https://en.wikipedia.org/wiki/Clarice_Lispector,https://es.wikipedia.org/wiki/Clarice_Lispector,,2026-09-30T15:46:57Z,Clarice Lispector,children's writer | journalist | novelist | painter | screenwriter | translator | writer,Brazil | Ukrainian Soviet Socialist Republic,Brazilian Portuguese | English | French | Portuguese | Spanish | Yiddish,Helen Palmer | Terelu
Q218679,Colette,Colette,French novelist (1873–1954),1873-01-28,1873,day,gregorian,1954-08-03,1954,day,gregorian,Q1141101,Saint-Sauveur-en-Puisaye,Q161741,1st arrondissement of Paris,female,89,68937443,0000000121380055,OL119715A,51575,https://en.wikipedia.org/wiki/Colette,https://es.wikipedia.org/wiki/Colette,,2026-09-30T15:46:57Z,Colette,actor | cabaret performer | dancer | ghostwriter | journalist | librettist | novelist | playwright | prose writer | screenwriter | short story writer | singer | theatre critic | writer,France,French,Colette Pavic | Colette Willy
Q509662,Colson Whitehead,Colson Whitehead,American novelist (born 1969),1969-11-06,1969,day,gregorian,,,,,Q60,New York City,,,male,39,69151887,0000000109128041,OL218462A,10029,https://en.wikipedia.org/wiki/Colson_Whitehead,https://es.wikipedia.org/wiki/Colson_Whitehead,,2026-09-30T15:47:19Z,Colson Whitehead,author | journalist | literary critic | novelist | writer,United States,English,Colson Whitehead
Q4604,Confucius,Confucio,5th-century BCE Chinese philosopher and politician,-0551,-551,year,julian,-0479,-479,year,julian,Q210287,Qufu,Q1012627,Si River,male,313,108389263 | 73158790619838851517 | 89664672,0000000121430614,OL40315A,15321,https://en.wikipedia.org/wiki/Confucius,https://es.wikipedia.org/wiki/Confucio,,2026-09-30T15:47:19Z,Confucius,philosopher | teacher | writer,Lu,Old Chinese,
Q272610,Cormac McCarthy,Cormac McCarthy,"American novelist, playwright, and screenwriter (1933–2023)",1933-07-20,1933,day,gregorian,2023-06-13,2023,day,gregorian,Q18383,Providence,Q38555,Santa Fe,male,73,29558386,0000000121259060,OL28104A,4178,https://en.wikipedia.org/wiki/Cormac_McCarthy,https://es.wikipedia.org/wiki/Cormac_McCarthy,,2026-09-30T15:46:57Z,Cormac McCarthy,film screenwriter | novelist | playwright | writer,United States,English | Spanish,
Q57971,Cornelia Funke,Cornelia Funke,German author (born 1958),1958-12-10,1958,day,gregorian,,,,,Q3886,Dorsten,,,female,48,102395980,0000000121035139,OL83365A,15873,https://en.wikipedia.org/wiki/Cornelia_Funke,https://es.wikipedia.org/wiki/Cornelia_Funke,,2026-09-30T15:47:23Z,Cornelia Funke,children's writer | film producer | illustrator | screenwriter | writer | young adult author,Germany,German,
Q45970,Czesław Miłosz,Czesław Miłosz,Polish-American poet and Nobel laureate (1911–2004),1911-06-30,1911,day,gregorian,2004-08-14,2004,day,gregorian,Q134712,Šiauliai,Q31487,Kraków,male,123,110389400,0000000121476233,OL44091A,84259,https://en.wikipedia.org/wiki/Czes%C5%82aw_Mi%C5%82osz,https://es.wikipedia.org/wiki/Czes%C5%82aw_Mi%C5%82osz,birth_place,2026-09-30T15:47:19Z,Czesław Miłosz,diplomat | essayist | literary historian | pedagogue | poet | translator | university teacher | writer,Lithuania | Poland | United States,American English | Czech | English | French | Polish | Spanish,
Q166590,César Aira,César Aira,Argentine writer and translator,1949-02-23,1949,day,gregorian,,,,,Q992586,Coronel Pringles,,,male,29,115982810,0000000121039674,OL4287831A,88379,https://en.wikipedia.org/wiki/C%C3%A9sar_Aira,https://es.wikipedia.org/wiki/C%C3%A9sar_Aira,,2026-09-30T15:46:53Z,César Aira,novelist | playwright | translator | writer,Argentina,Spanish,
Q34970,D. H. Lawrence,D. H. Lawrence,English writer and poet (1885–1930),1885-09-11,1885,day,gregorian,1930-03-02,1930,day,gregorian,Q2736112,Eastwood,Q192368,Vence,male,107,95150359,000000012144117X,OL1188596A | OL19964A,17623,https://en.wikipedia.org/wiki/D._H._Lawrence,https://es.wikipedia.org/wiki/D._H._Lawrence,,2026-09-30T15:47:14Z,D. H. Lawrence,librettist | literary critic | novelist | painter | playwright | poet | screenwriter | translator | writer,United Kingdom,English,Lawrence H. Davison
Q40946,Daniel Defoe,Daniel Defoe,"English trader, writer, and journalist (1660–1731)",1660,1660,year,gregorian,1731-04-24,1731,day,gregorian,Q84,London,Q2572630,Moorfields,male,144,2283158188232920260006 | 49145602407001360643,0000000458753523,OL18283A | OL2728497A,2007,https://en.wikipedia.org/wiki/Daniel_Defoe,https://es.wikipedia.org/wiki/Daniel_Defoe,,2026-09-30T15:47:19Z,Daniel Defoe,businessperson | children's writer | journalist | novelist | opinion journalist | poet | prose writer | publicist | publisher | spy | writer,Kingdom of England | Kingdom of Great Britain,English,
Q233950,Daniel Kahneman,Daniel Kahneman,Israeli-American psychologist and economist (1934–2024),1934-03-05,1934,day,gregorian,2024-03-27,2024,day,gregorian,Q33935,Tel Aviv,Q64697,Nunningen,male,78,104274679,0000000109300729,OL2066695A,72401,https://en.wikipedia.org/wiki/Daniel_Kahneman,https://es.wikipedia.org/wiki/Daniel_Kahneman,,2026-09-30T15:46:57Z,Daniel Kahneman,author | economist | essayist | psychologist | university teacher,Israel | United States,English | Hebrew | Yiddish,
Q310562,Danilo Kiš,Danilo Kiš,Serbian and Yugoslav novelist (1935–1989),1935-02-22,1935,day,gregorian,1989-10-15,1989,day,gregorian,Q170287,Subotica,Q163948,10ᵗʰ arrondissement of Paris,male,52,111457185,0000000122841714,,127676,https://en.wikipedia.org/wiki/Danilo_Ki%C5%A1,https://es.wikipedia.org/wiki/Danilo_Ki%C5%A1,,2026-09-30T15:47:14Z,Danilo Kiš,literary editor | novelist | poet | screenwriter | translator | writer,Kingdom of Yugoslavia | Socialist Federal Republic of Yugoslavia,French | Hungarian | Russian | Serbian,
Q1067,Dante Alighieri,Dante Alighieri,"Florentine poet, writer, and philosopher (c. 1265–1321)",1265,1265,year,julian,1321-09-14,1321,day,julian,Q2044,Florence,Q13364,Ravenna,male,271,97105654,0000000121446210,OL29303A,,https://en.wikipedia.org/wiki/Dante_Alighieri,https://es.wikipedia.org/wiki/Dante_Alighieri,,2026-09-30T15:46:53Z,Dante Alighieri,intellectual | linguist | philosopher | poet | political theorist | politician | prose writer | theologian | writer,Republic of Florence,Italian | Latin,
Q765,Dario Fo,Darío Fo,"Italian actor, playwright, comedian, singer-songwriter, theater director, painter, and political activist (1926-2016)",1926-03-24,1926,day,gregorian,2016-10-13,2016,day,gregorian,Q39790,Sangiano,Q3886605,Luigi Sacco Hospital,male,109,89786165,0000000122828165,OL67411A,41264,https://en.wikipedia.org/wiki/Dario_Fo,https://es.wikipedia.org/wiki/Dario_Fo,birth_place,2026-09-30T15:47:23Z,Dario Fo,Nobel Prize winner | Theaterintendant | actor | composer | costume designer | director | film actor | illustrator | painter | playwright | poet | satirist | scenographer | screenwriter | stage actor | theatre director | visual artist | writer,Italy | Kingdom of Italy,Italian,
Q313246,David Foster Wallace,David Foster Wallace,American fiction writer and essayist (1962–2008),1962-02-21,1962,day,gregorian,2008-09-12,2008,day,gregorian,Q217346,Ithaca,Q506398,Claremont,male,56,68975157,0000000117686131,OL448939A,4339,https://en.wikipedia.org/wiki/David_Foster_Wallace,https://es.wikipedia.org/wiki/David_Foster_Wallace,,2026-09-30T15:47:14Z,David Foster Wallace,essayist | novelist | university teacher | writer,United States,English,
Q160263,David Grossman,David Grossman,Israeli author (born 1954),1954-01-25,1954,day,gregorian,,,,,Q1218,Jerusalem,,,male,53,1819149068610565730004 | 84234812,0000000109202766,OL5192245A,34031,https://en.wikipedia.org/wiki/David_Grossman,https://es.wikipedia.org/wiki/David_Grossman,,2026-09-30T15:46:53Z,David Grossman,children's writer | journalist | novelist | radio personality | screenwriter | writer,Israel,Hebrew,
Q448,Denis Diderot,Denis Diderot,French Enlightenment philosopher writer and encyclopædist (1713–1784),1713-10-05,1713,day,gregorian,1784-07-31,1784,day,gregorian,Q203293,Langres,Q90,Paris,male,151,54146831,000000012133370X,OL16944A,11004,https://en.wikipedia.org/wiki/Denis_Diderot,https://es.wikipedia.org/wiki/Denis_Diderot,,2026-09-30T15:47:19Z,Denis Diderot,art critic | art theorist | correspondent | encyclopédistes | essayist | historian | lexicographer | literary critic | literary theorist | novelist | philosopher | playwright | poet | political scientist | translator | writer,Kingdom of France,French,
Q2032745,Diamela Eltit,Diamela Eltit,Chilean writer (born 1947),1947-08-24,1947,day,gregorian,,,,,Q2887,Santiago,,,female,15,112605857,0000000121481067,OL41938A,,https://en.wikipedia.org/wiki/Diamela_Eltit,https://es.wikipedia.org/wiki/Diamela_Eltit,,2026-09-30T15:46:57Z,Diamela Eltit,artist | teacher | university teacher | video artist | writer,Chile,Spanish,
Q236829,Diana Wynne Jones,Diana Wynne Jones,English children's fantasy writer (1934–2011),1934-08-16,1934,day,gregorian,2011-03-26,2011,day,gregorian,Q84,London,Q23154,Bristol,female,49,102067392,0000000120318030,OL31384A,4260,https://en.wikipedia.org/wiki/Diana_Wynne_Jones,https://es.wikipedia.org/wiki/Diana_Wynne_Jones,,2026-09-30T15:46:57Z,Diana Wynne Jones,children's writer | novelist | poet | science fiction writer | writer,United Kingdom,English,
Q254041,Domingo Faustino Sarmiento,Domingo Faustino Sarmiento,Argentinian politician and writer (1811-1888),1811-02-15,1811,day,gregorian,1888-09-11,1888,day,gregorian,Q44241,San Juan,Q2933,Asunción,male,53,12340366,0000000121208917,OL117634A,143910,https://en.wikipedia.org/wiki/Domingo_Faustino_Sarmiento,https://es.wikipedia.org/wiki/Domingo_Faustino_Sarmiento,,2026-09-30T15:46:57Z,Domingo Faustino Sarmiento,diplomat | historian | journalist | military personnel | politician | writer,Argentina,Spanish,
Q310048,Don DeLillo,Don DeLillo,"American novelist, playwright and essayist (born 1936)",1936-11-20,1936,day,gregorian,,,,,Q18426,The Bronx,,,male,54,17253973,000000010874642X,OL230288A,233,https://en.wikipedia.org/wiki/Don_DeLillo,https://es.wikipedia.org/wiki/Don_DeLillo,,2026-09-30T15:47:14Z,Don DeLillo,essayist | journalist | novelist | playwright | satirical novelist | screenwriter | writer,United States,English,Cleo Birdwell
Q255339,Donna Tartt,Donna Tartt,American writer,1963-12-23,1963,day,gregorian,,,,,Q986376,Greenwood,,,female,60,85733536,000000012282587X,OL841112A,8719,https://en.wikipedia.org/wiki/Donna_Tartt,https://es.wikipedia.org/wiki/Donna_Tartt,,2026-09-30T15:46:57Z,Donna Tartt,essayist | literary critic | novelist | writer,United States,English,
Q40874,Doris Lessing,Doris Lessing,"British novelist, poet, playwright, librettist, biographer, and short story writer (1919–2013)",1919-10-22,1919,day,gregorian,2013-11-17,2013,day,gregorian,Q180078,Kermanshah,Q84,London,female,134,44301766,0000000121009715 | 0000000368635304,OL27709A,7728,https://en.wikipedia.org/wiki/Doris_Lessing,https://es.wikipedia.org/wiki/Doris_Lessing,,2026-09-30T15:47:19Z,Doris Lessing,autobiographer | essayist | novelist | playwright | poet | prose writer | science fiction writer | screenwriter | writer,United Kingdom | United Kingdom of Great Britain and Ireland,English,Jane Somers
Q42,Douglas Adams,Douglas Adams,British science fiction writer and humorist (1952–2001),1952-03-11,1952,day,gregorian,2001-05-11,2001,day,gregorian,Q350,Cambridge,Q159288,Santa Barbara,male,132,113230702,0000000080456315,OL272947A,4,https://en.wikipedia.org/wiki/Douglas_Adams,https://es.wikipedia.org/wiki/Douglas_Adams,,2026-09-30T15:47:19Z,Douglas Adams,children's writer | comedian | musician | novelist | playwright | science fiction writer | screenwriter | writer,United Kingdom,English,David Agnew
Q298685,Dr. Seuss,Dr. Seuss,American children's author and cartoonist (1904–1991),1904-03-02,1904,day,gregorian,1991-09-24,1991,day,gregorian,Q49158,Springfield,Q840668,La Jolla,male,79,20959831,0000000121193188 | 0000000368637131,OL2622837A,61105,https://en.wikipedia.org/wiki/Dr._Seuss,https://es.wikipedia.org/wiki/Dr._Seuss,,2026-09-30T15:47:14Z,Dr. Seuss | Theodor Seuss Geisel,animator | cartoonist | children's writer | humorous cartoonist | illustrator | picture book writer | poet | producer | prose writer | screenwriter | writer,United States,English,Dr. Seuss
Q189119,E. M. Forster,Edward Morgan Forster,English novelist (1879-1970),1879-01-01,1879,day,gregorian,1970-06-07,1970,day,gregorian,Q84,London,Q6225,Coventry,male,86,31996364,0000000121265962,OL6898863A,,https://en.wikipedia.org/wiki/E._M._Forster,https://es.wikipedia.org/wiki/E._M._Forster,,2026-09-30T15:46:57Z,E. M. Forster,biographer | essayist | historian | journalist | librettist | literary critic | novelist | philologist | science fiction writer | screenwriter | writer,United Kingdom | United Kingdom of Great Britain and Ireland,English,
Q16867,Edgar Allan Poe,Edgar Allan Poe,American writer and literary critic (1809–1849),1809-01-19,1809,day,gregorian,1849-10-07,1849,day,gregorian,Q100,Boston,Q5092,Baltimore,male,225,60351476,0000000121354025,OL28127A,4624490,https://en.wikipedia.org/wiki/Edgar_Allan_Poe,https://es.wikipedia.org/wiki/Edgar_Allan_Poe,,2026-09-30T15:46:53Z,Edgar Allan Poe,essayist | literary critic | novelist | poet | short story writer | writer,United States,English,Edgar A. Perry
Q276032,Edith Wharton,Edith Wharton,American writer and designer (1862–1937),1862-01-24,1862,day,gregorian,1937-08-11,1937,day,gregorian,Q60,New York City,Q535847,Saint-Brice-sous-Forêt,female,90,17230986,000000012122241X | 000000036863837X,OL20188A,16,https://en.wikipedia.org/wiki/Edith_Wharton,https://es.wikipedia.org/wiki/Edith_Wharton,,2026-09-30T15:47:14Z,Edith Wharton,art historian | novelist | poet | prose writer | translator | writer,United States,English,
Q44575,Eduardo Galeano,Eduardo Galeano,Uruguayan writer and journalist (1940–2015),1940-09-03,1940,day,gregorian,2015-04-13,2015,day,gregorian,Q1335,Montevideo,Q1335,Montevideo,male,72,108462641,0000000122839606,OL55059A,5822041,https://en.wikipedia.org/wiki/Eduardo_Galeano,https://es.wikipedia.org/wiki/Eduardo_Galeano,,2026-09-30T15:47:19Z,Eduardo Galeano,essayist | journalist | poet | writer,Spain | Uruguay,Spanish,
Q72541,Eduardo Mendoza Garriga,Eduardo Mendoza,Spanish writer,1943-01-11,1943,day,gregorian,,,,,Q1492,Barcelona,,,male,36,24575618,0000000121243616,OL341406A,37020,https://en.wikipedia.org/wiki/Eduardo_Mendoza_Garriga,https://es.wikipedia.org/wiki/Eduardo_Mendoza,,2026-09-30T15:47:23Z,Eduardo Mendoza,interpreter | lawyer | linguist | novelist | playwright | screenwriter | translator | writer,Spain,Catalan | English | French | Spanish,
Q201538,Edward Said,Edward Said,Palestinian-American professor (1935–2003),1935-11-01,1935,day,gregorian,2003-09-25,2003,day,gregorian,Q1218,Jerusalem,Q60,New York City,male,90,82539804,0000000121027147,OL26322A | OL4907093A,16770310,https://en.wikipedia.org/wiki/Edward_Said,https://es.wikipedia.org/wiki/Edward_Said,,2026-09-30T15:46:57Z,Edward Said,journalist | literary critic | music critic | musician | musicologist | philologist | philosopher | political scientist | researcher | translator | university teacher | writer,Mandatory Palestine | United States,Arabic | English | Levantine Arabic,
Q197155,Eileen Chang,Eileen Chang,"Chinese-born American essayist, novelist, and screenwriter (1920–1995)",1920-09-30,1920,day,gregorian,1995-09-08,1995,day,gregorian,Q8686,Shanghai,Q1199774,Westwood,female,43,112523113,0000000109365864,OL1254460A,110226,https://en.wikipedia.org/wiki/Eileen_Chang,https://es.wikipedia.org/wiki/Eileen_Chang,"birth_place,birth_date",2026-09-30T15:46:57Z,Eileen Chang,journalist | novelist | screenwriter | translator | writer,People's Republic of China | Taiwan | United States,Chinese | English | Mandarin | Nanjing dialect | Shanghainese,Լյան Ցին | 梁京
Q2321261,Eka Kurniawan,Eka Kurniawan,Indonesian writer,1975-11-28,1975,day,gregorian,,,,,Q10399,Tasikmalaya,,,male,21,7144148209316000460000,0000000114619881,OL1450187A,487387,https://en.wikipedia.org/wiki/Eka_Kurniawan,,,2026-09-30T15:46:57Z,Eka Kurniawan,designer | journalist | novelist | screenwriter | short story writer | writer,Indonesia,Indonesian,
Q368127,Elena Ferrante,Elena Ferrante,pseudonymous Italian writer,1943-04-05,1943,day,gregorian,,,,,Q2634,Naples,,,female,51,32103009,0000000066489858,OL3105889A,44085,https://en.wikipedia.org/wiki/Elena_Ferrante,https://es.wikipedia.org/wiki/Elena_Ferrante,,2026-09-30T15:47:14Z,Elena Ferrante,novelist | screenwriter | translator | writer,Italy,Italian | Neapolitan language,Elena Ferrante
Q5359012,Elena Fortún,Elena Fortún,Spanish writer (1886-1952),1886-11-17,1886,day,gregorian,1952-05-08,1952,day,gregorian,Q2807,Madrid,Q2807,Madrid,female,13,85704332,0000000077303414,OL4211064A,2185489,https://en.wikipedia.org/wiki/Elena_Fort%C3%BAn,https://es.wikipedia.org/wiki/Elena_Fort%C3%BAn,,2026-09-30T15:47:19Z,Elena Fortún,aircraft pilot | novelist | short story writer | writer,Spain,Spanish,Elena Fortún
Q261397,Elena Poniatowska,Elena Poniatowska,French-born Mexican journalist and author,1932-05-19,1932,day,gregorian,,,,,Q90,Paris,,,female,38,84480471,000000012141768X,OL224043A,,https://en.wikipedia.org/wiki/Elena_Poniatowska,https://es.wikipedia.org/wiki/Elena_Poniatowska,,2026-09-30T15:46:57Z,Elena Poniatowska,journalist | literary scholar | novelist | poet | screenwriter | short story writer | translator | writer,France | Mexico,Spanish,
Q47243,Elfriede Jelinek,Elfriede Jelinek,Austrian playwright and novelist,1946-10-20,1946,day,gregorian,,,,,Q492868,Mürzzuschlag,,,female,126,7404147,0000000121193065,OL35503A,128607,https://en.wikipedia.org/wiki/Elfriede_Jelinek,https://es.wikipedia.org/wiki/Elfriede_Jelinek,,2026-09-30T15:47:19Z,Elfriede Jelinek,librettist | literary critic | novelist | playwright | poet | screenwriter | translator | writer,Austria,German,
Q18391,Elie Wiesel,Elie Wiesel,"Romanian-born American writer, professor, political activist, Nobel laureate, and Holocaust survivor (1928-2016)",1928-09-30,1928,day,gregorian,2016-07-02,2016,day,gregorian,Q334874,Sighetu Marmației,Q60,New York City,male,106,108176447,000000008405660X,OL20891A,1049,https://en.wikipedia.org/wiki/Elie_Wiesel,https://es.wikipedia.org/wiki/Elie_Wiesel,,2026-09-30T15:46:53Z,Elie Wiesel,Judaic scholar | architect | association football player | autobiographer | correspondent | humanist | journalist | novelist | philosopher | playwright | political activist | translator | university teacher | writer,Israel | Kingdom of Hungary | Kingdom of Romania | United States | statelessness,English | French | German | Hebrew | Hungarian | Romanian | Yiddish,
Q5360799,Elif Batuman,Elif Batuman,American writer and academic,1977-06-07,1977,day,gregorian,,,,,Q60,New York City,,,female,18,90451685,000000006210747X,OL3031163A,39846,https://en.wikipedia.org/wiki/Elif_Batuman,https://es.wikipedia.org/wiki/Elif_Batuman,,2026-09-30T15:47:19Z,Elif Batuman,academic | journalist | literary critic | university teacher | writer,United States,English,
Q270739,Elif Şafak,Elif Shafak,Turkish writer (born 1971),1971-10-25,1971,day,gregorian,,,,,Q6602,Strasbourg,,,female,78,64320935,0000000109801689,OL97320A,14697262,https://en.wikipedia.org/wiki/Elif_Shafak,https://es.wikipedia.org/wiki/Elif_Shafak,,2026-09-30T15:46:57Z,Elif Shafak,journalist | novelist | writer,Turkey,English | Turkish,
Q228494,Elizabeth Barrett Browning,Elizabeth Barrett Browning,English poet (1806–1861),1806-03-06,1806,day,gregorian,1861-06-29,1861,day,gregorian,Q179815,Durham,Q2044,Florence,female,90,66464493,000000012101969X,OL4278548A,67032,https://en.wikipedia.org/wiki/Elizabeth_Barrett_Browning,https://es.wikipedia.org/wiki/Elizabeth_Barrett_Browning,birth_place,2026-09-30T15:46:57Z,Elizabeth Barrett Browning,abolitionist | essayist | pamphleteer | poet | screenwriter | translator | writer,United Kingdom of Great Britain and Ireland,English,
Q275979,Elsa Morante,Elsa Morante,Italian novelist (1912–1985),1912-08-18,1912,day,gregorian,1985-11-25,1985,day,gregorian,Q220,Rome,Q220,Rome,female,51,100159579,0000000118506630,OL436779A,292578,https://en.wikipedia.org/wiki/Elsa_Morante,https://es.wikipedia.org/wiki/Elsa_Morante,,2026-09-30T15:47:14Z,Elsa Morante,novelist | poet | prose writer | translator | writer,Italy | Kingdom of Italy,Italian,
Q237058,Elvira Lindo,Elvira Lindo,Spanish writer,1962-01-23,1962,day,gregorian,,,,,Q15682,Cádiz,,,female,51,7531697,0000000121195351,OL85310A,38811,https://en.wikipedia.org/wiki/Elvira_Lindo,https://es.wikipedia.org/wiki/Elvira_Lindo,,2026-09-30T15:46:57Z,Elvira Lindo,actor | children's writer | film director | journalist | screenwriter | writer | young adult author,Spain,Spanish,
Q275929,Emilia Pardo Bazán,Emilia Pardo Bazán,"Spanish author, editor (1851–1922)",1851-09-16,1851,day,gregorian,1921-05-12,1921,day,gregorian,Q8757,A Coruña,Q2807,Madrid,female,42,51699645,0000000121326876,OL49026A,,https://en.wikipedia.org/wiki/Emilia_Pardo_Baz%C3%A1n,https://es.wikipedia.org/wiki/Emilia_Pardo_Baz%C3%A1n,,2026-09-30T15:47:14Z,Emilia Pardo Bazán,editor | essayist | gastronomist | journalist | literary critic | novelist | poet | salonnière | short story writer | writer,Spain,English | French | German | Spanish,
Q4441,Emily Dickinson,Emily Dickinson,American poet (1830-1886),1830-12-10,1830,day,gregorian,1886-05-15,1886,day,gregorian,Q49164,Amherst,Q49164,Amherst,female,147,31995584,0000000121265882,OL19512A,7440,https://en.wikipedia.org/wiki/Emily_Dickinson,https://es.wikipedia.org/wiki/Emily_Dickinson,,2026-09-30T15:47:19Z,Emily Dickinson,gardener | librettist | poet | writer,United States,English,
Q192069,Enid Blyton,Enid Blyton,English author (1897–1968),1897-08-11,1897,day,gregorian,1968-11-28,1968,day,gregorian,Q3305828,East Dulwich,Q25610,Hampstead,female,90,97186739,0000000110315354 | 0000000368573932 | 0000000368573940,OL233814A,10657,https://en.wikipedia.org/wiki/Enid_Blyton,https://es.wikipedia.org/wiki/Enid_Blyton,,2026-09-30T15:46:57Z,Enid Blyton,children's writer | novelist | poet | school teacher | screenwriter | teacher | writer,United Kingdom,English,Enid Blyton
Q372313,Enrique Vila-Matas,Enrique Vila-Matas,Spanish writer,1948-03-31,1948,day,gregorian,,,,,Q1492,Barcelona,,,male,30,44966163,0000000114716104,OL263895A,25591,https://en.wikipedia.org/wiki/Enrique_Vila-Matas,https://es.wikipedia.org/wiki/Enrique_Vila-Matas,,2026-09-30T15:47:14Z,Enrique Vila-Matas,novelist | short story writer | writer,Spain,Catalan | Spanish,
Q288501,Erico Verissimo,Érico Veríssimo,Brazilian writer (1905–1975),1905-12-17,1905,day,gregorian,1975-11-28,1975,day,gregorian,Q985966,Cruz Alta,Q40269,Porto Alegre,male,19,7426107,0000000121193591,OL121112A,3376364,https://en.wikipedia.org/wiki/Erico_Verissimo,https://es.wikipedia.org/wiki/%C3%89rico_Ver%C3%ADssimo,,2026-09-30T15:47:14Z,Érico Veríssimo,journalist | linguist | novelist | translator | university teacher | writer,Brazil,Brazilian Portuguese | English | Portuguese,
Q23434,Ernest Hemingway,Ernest Hemingway,American author and journalist (1899–1961),1899-07-21,1899,day,gregorian,1961-07-02,1961,day,gregorian,Q331397,Oak Park,Q1519069,Ketchum,male,208,97006051,0000000121445832,OL13640A,1455,https://en.wikipedia.org/wiki/Ernest_Hemingway,https://es.wikipedia.org/wiki/Ernest_Hemingway,,2026-09-30T15:46:57Z,Ernest Hemingway,film director | journalist | novelist | playwright | poet | prose writer | reporter | screenwriter | short story writer | war correspondent | writer,United States,English | French | Spanish,
Q186630,Ernesto Sabato,Ernesto Sabato,"Argentine writer, painter and physicist (1911-2011)",1911-06-24,1911,day,gregorian,2011-04-30,2011,day,gregorian,Q2280901,Caucete,Q2606380,Santos Lugares,male,72,108131182,0000000121468102,OL2748652A | OL5825376A,5775606,https://en.wikipedia.org/wiki/Ernesto_Sabato,https://es.wikipedia.org/wiki/Ernesto_Sabato,,2026-09-30T15:46:53Z,Ernesto Sabato,essayist | novelist | painter | physicist | poet | teacher | writer,Argentina,Spanish,
Q378882,Etgar Keret,Etgar Keret,Israeli writer and screenwriter,1967-08-20,1967,day,gregorian,,,,,Q192807,Ramat Gan,,,male,42,98877457,0000000109284204,OL1435450A,34065,https://en.wikipedia.org/wiki/Etgar_Keret,https://es.wikipedia.org/wiki/Etgar_Keret,,2026-09-30T15:47:14Z,Etgar Keret,actor | film director | film producer | playwright | poet | screenwriter | writer,Israel | Poland,Hebrew,
Q46706,Eugène Ionesco,Eugène Ionesco,Romanian-French playwright (1909–1994),1909-11-26,1909,day,gregorian,1994-03-28,1994,day,gregorian,Q207074,Slatina,Q187153,14th arrondissement of Paris,male,103,17224288,0000000120993554,OL52830A,7689,https://en.wikipedia.org/wiki/Eug%C3%A8ne_Ionesco,https://es.wikipedia.org/wiki/Eug%C3%A8ne_Ionesco,,2026-09-30T15:47:19Z,Eugène Ionesco,diarist | film actor | film director | graphic artist | illustrator | literary critic | playwright | poet | teacher | television actor | translator | writer,Romania,French | Romanian,
Q48305,Euripides,Eurípides,Classical Athenian playwright,-0480,-480,decade,julian,-0406,-406,decade,julian,Q202422,Salamis Island,Q213679,Pella,male,157,253748852 | 265326651 | 281871871 | 548159474048627660952 | 564154380988830291221 | 9553153063127619320004 | 9804168049018038410000,0000000121382034,OL21589A,973,https://en.wikipedia.org/wiki/Euripides,https://es.wikipedia.org/wiki/Eur%C3%ADpides,,2026-09-30T15:47:19Z,Euripides,philosopher | playwright | poet | tragedy writer | writer,Classical Athens,Ancient Greek,
Q93354,F. Scott Fitzgerald,F. Scott Fitzgerald,American writer (1896–1940),1896-09-24,1896,day,gregorian,1940-12-21,1940,day,gregorian,Q28848,Saint Paul,Q34006,Hollywood,male,122,100254195 | 3407158982596956190008,0000000121033942,OL27349A,3190,https://en.wikipedia.org/wiki/F._Scott_Fitzgerald,https://es.wikipedia.org/wiki/F._Scott_Fitzgerald,,2026-09-30T15:47:23Z,F. Scott Fitzgerald,novelist | playwright | screenwriter | short story writer | writer,United States,English,
Q558252,F. Sionil José,Francisco Sionil José,Filipino writer (1924–2022),1924-12-03,1924,day,gregorian,2022-01-06,2022,day,gregorian,Q42024,Rosales,Q1508,Makati,male,23,76386369,0000000081563729,OL18929A,252268,https://en.wikipedia.org/wiki/F._Sionil_Jos%C3%A9,https://es.wikipedia.org/wiki/Francisco_Sionil_Jos%C3%A9,,2026-09-30T15:47:19Z,F. Sionil José,journalist | novelist | short story writer | writer,Philippines,English | Ilocano,
Q41408,Federico García Lorca,Federico García Lorca,"Spanish poet, dramatist and prose writer (1898–1936)",1898-06-05,1898,day,gregorian,1936-08-19,1936,day,gregorian,Q574513,Fuente Vaqueros,Q619528,Víznar,male,143,34456883,0000000122781811,OL3203135A | OL4280920A,44150,https://en.wikipedia.org/wiki/Federico_Garc%C3%ADa_Lorca,https://es.wikipedia.org/wiki/Federico_Garc%C3%ADa_Lorca,,2026-09-30T15:47:19Z,Federico García Lorca,composer | draftsperson | librettist | lyricist | musician | playwright | poet | theatre director | theatre manager | writer,Spain,Slovene | Spanish,
Q43459,Ferdowsi,Ferdowsi,"Persian poet, author of Shahnameh (940–1020)",0940-01-03,940,day,julian,1020,1020,year,julian,Q681427,Tus,Q681427,Tus,male,129,101359236,000000012145689X,OL821316A,6584435,https://en.wikipedia.org/wiki/Ferdowsi,https://es.wikipedia.org/wiki/Ferdous%C3%AD,,2026-09-30T15:47:19Z,Ferdowsi,poet | writer,Ghaznavid Empire | Samanid Empire,Persian,
Q173481,Fernando Pessoa,Fernando Pessoa,"Portuguese poet, writer, and philosopher (1888–1935); creator of the heteronymic system including Alberto Caeiro, Ricardo Reis, Álvaro de Campos, and Bernardo Soares",1888-06-13,1888,day,gregorian,1935-11-30,1935,day,gregorian,Q597,Lisbon,Q597,Lisbon,male,106,126144814444407525004 | 95155847,0000000108268480 | 0000000121031824,OL73160A,7816,https://en.wikipedia.org/wiki/Fernando_Pessoa,https://es.wikipedia.org/wiki/Fernando_Pessoa,,2026-09-30T15:46:53Z,Fernando Pessoa,essayist | literary critic | philosopher | poet | prose writer | publisher | translator | writer,Kingdom of Portugal | Portugal,English | Portuguese | Spanish,Alberto Caeiro | Bernardo Soares | Ricardo Reis | Álvaro de Campos
Q234579,Flannery O'Connor,Flannery O'Connor,American writer (1925–1964),1925-03-25,1925,day,gregorian,1964-08-03,1964,day,gregorian,Q83813,Savannah,Q1885071,Milledgeville,female,56,17227472,0000000121222196,OL35145A,22694,https://en.wikipedia.org/wiki/Flannery_O%27Connor,https://es.wikipedia.org/wiki/Flannery_O%27Connor,,2026-09-30T15:46:57Z,Flannery O'Connor,essayist | film screenwriter | novelist | writer,United States,English,
Q464394,Forugh Farrokhzad,Forugh Farrojzad,Iranian poet (1935-1967),1935-01-05,1935,day,gregorian,1967-02-13,1967,day,gregorian,Q3616,Tehran,Q614236,Tafresh,female,59,39427379,0000000121289067,OL2885219A,,https://en.wikipedia.org/wiki/Forugh_Farrokhzad,https://es.wikipedia.org/wiki/Forugh_Farrojzad,,2026-09-30T15:47:19Z,Forough Farrokhzad,actor | film director | poet | writer,Pahlavi Iran,Persian,
Q276028,Frances Hodgson Burnett,Frances Hodgson Burnett,English-American playwright and author (1849–1924),1849-11-24,1849,day,gregorian,1924-10-29,1924,day,gregorian,Q18125,Manchester,Q3451896,Plandome Manor,female,73,27061925,000000012125100X | 0000000368639102,OL23767A,2041,https://en.wikipedia.org/wiki/Frances_Hodgson_Burnett,https://es.wikipedia.org/wiki/Frances_Hodgson_Burnett,,2026-09-30T15:47:14Z,Frances Hodgson Burnett,children's writer | dramaturge | novelist | playwright | short story writer | writer,United Kingdom | United Kingdom of Great Britain and Ireland | United States,English,Stephen Townesend
Q201315,Francisco Quevedo,Francisco de Quevedo,Spanish writer (1580-1645),1584-09-14,1584,day,julian,1645-09-08,1645,day,gregorian,Q2807,Madrid,Q768433,"Villanueva de los Infantes, Ciudad Real",male,83,56604566,0000000121339650,OL2027820A | OL44728A,,https://en.wikipedia.org/wiki/Francisco_de_Quevedo,https://es.wikipedia.org/wiki/Francisco_de_Quevedo,,2026-09-30T15:46:57Z,Francisco de Quevedo,novelist | poet | satirist | writer,Spain,Spanish,
Q7934,Frank Herbert,Frank Herbert,American writer (1920–1986),1920-10-08,1920,day,gregorian,1986-02-11,1986,day,gregorian,Q199797,Tacoma,Q43788,Madison,male,92,59083797,0000000121347853,OL79034A,58,https://en.wikipedia.org/wiki/Frank_Herbert,https://es.wikipedia.org/wiki/Frank_Herbert,,2026-09-30T15:47:23Z,Frank Herbert,journalist | novelist | photographer | prose writer | science fiction writer | writer,United States,American English | English,
Q905,Franz Kafka,Franz Kafka,Bohemian writer from Prague (1883–1924),1883-07-03,1883,day,gregorian,1924-06-03,1924,day,gregorian,Q1085,Prague,Q38018317,Kafka Sterbehaus,male,242,56611857,000000012280370X,OL11831108A | OL33146A,5223,https://en.wikipedia.org/wiki/Franz_Kafka,https://es.wikipedia.org/wiki/Franz_Kafka,,2026-09-30T15:47:23Z,Franz Kafka,aphorist | claims adjuster | diarist | fabulist | film screenwriter | jurist | lawyer | librettist | novelist | poet | poet lawyer | prose writer | short story writer | translator | writer,Cisleithania | Czechoslovakia,Czech | German,
Q22670,Friedrich Schiller,Friedrich Schiller,"German playwright, poet, philosopher and historian (1759–1805)",1759-11-10,1759,day,gregorian,1805-05-09,1805,day,gregorian,Q61890,Marbach am Neckar,Q3955,Weimar,male,183,96994450,0000000121032691,OL2414180A,1399243,https://en.wikipedia.org/wiki/Friedrich_Schiller,https://es.wikipedia.org/wiki/Friedrich_Schiller,,2026-09-30T15:46:57Z,Friedrich Schiller,aesthetician | historian | journalist | librarian | librettist | military physician | narrator | novelist | philosopher | physician | physician writer | playwright | poet | translator | university teacher | writer,Duchy of Saxe-Weimar | Duchy of Württemberg,French | German,
Q991,Fyodor Dostoyevsky,Fiódor Dostoyevski,Russian novelist (1821–1881),1821-10-30,1821,day,julian,1881-01-28,1881,day,julian,Q4281399,Mariinsky Hospital for the Poor,Q656,Saint Petersburg,male,256,104023256,0000000121462392,OL22242A,3137322,https://en.wikipedia.org/wiki/Fyodor_Dostoevsky,https://es.wikipedia.org/wiki/Fi%C3%B3dor_Dostoyevski,,2026-09-30T15:47:23Z,Fyodor Dostoevsky,biographer | essayist | film screenwriter | novelist | opinion journalist | philosopher | prose writer | short story writer | translator | writer,Russian Empire,Russian,N.N. | Д. | Друг Кузьмы Пруткова | Зубоскал | Зубоскалов | Летописец | М-ий | М. | Н. Н. | Пружинин | Ред. | Ф. Д. | —ий
Q5878,Gabriel García Márquez,Gabriel García Márquez,Colombian writer and Nobel laureate (1927–2014),1927-03-06,1927,day,gregorian,2014-04-17,2014,day,gregorian,Q624492,Aracataca,Q1489,Mexico City,male,207,54147956,0000000121333785 | 0000000368641974,OL27363A,13450,https://en.wikipedia.org/wiki/Gabriel_Garc%C3%ADa_M%C3%A1rquez,https://es.wikipedia.org/wiki/Gabriel_Garc%C3%ADa_M%C3%A1rquez,,2026-09-30T15:47:23Z,Gabriel García Márquez,autobiographer | film director | film screenwriter | journalist | jurist | novelist | opinion journalist | playwright | poet lawyer | prose writer | publisher | screenwriter | short story writer | television actor | television writer | writer,Colombia,Spanish,
Q80871,Gabriela Mistral,Gabriela Mistral,"Chilean poet, diplomat and educator (1889–1957)",1889-04-07,1889,day,gregorian,1957-01-10,1957,day,gregorian,Q201007,Vicuña,Q1583289,Hempstead,female,125,315943435 | 44311414,0000000116311450 | 0000000368603433,OL41892A,140617,https://en.wikipedia.org/wiki/Gabriela_Mistral,https://es.wikipedia.org/wiki/Gabriela_Mistral,,2026-09-30T15:47:23Z,Gabriela Mistral,children's writer | diplomat | poet | teacher | writer,Chile,Spanish,Gabriela Mistral
Q5683,Geoffrey Chaucer,Geoffrey Chaucer,14th century English poet and author (1343–1400),1343,1343,year,julian,1400-10-25,1400,day,julian,Q84,London,Q84,London,male,179,100185203,0000000375840787,OL37436A,1838,https://en.wikipedia.org/wiki/Geoffrey_Chaucer,https://es.wikipedia.org/wiki/Geoffrey_Chaucer,,2026-09-30T15:47:23Z,Geoffrey Chaucer,astrologer | linguist | lyricist | philosopher | poet | politician | translator | writer,Kingdom of England,English | Middle English,
Q131333,George Eliot,George Eliot,"English novelist, essayist, poet and journalist (1819–1880)",1819-11-22,1819,day,gregorian,1880-12-22,1880,day,gregorian,Q175632,Nuneaton,Q84,London,female,138,89000553,0000000121429234,OL24528A,173,https://en.wikipedia.org/wiki/George_Eliot,https://es.wikipedia.org/wiki/George_Eliot,,2026-09-30T15:46:53Z,George Eliot | Mary Ann Evans,editor | essayist | journalist | novelist | philosopher | poet | translator | writer,United Kingdom of Great Britain and Ireland,English | German,George Eliot
Q3335,George Orwell,George Orwell,British writer and journalist (1903–1950),1903-06-25,1903,day,gregorian,1950-01-21,1950,day,gregorian,Q1774606,Motihari,Q84,London,male,212,95155403,0000000121441305,OL118077A,3706,https://en.wikipedia.org/wiki/George_Orwell,https://es.wikipedia.org/wiki/George_Orwell,,2026-09-30T15:47:14Z,George Orwell,writer,United Kingdom | United Kingdom of Great Britain and Ireland,English | French,George Orwell | John Freeman
Q181677,George R. R. Martin,George R. R. Martin,American writer and television producer (born 1948),1948-09-20,1948,day,gregorian,,,,,Q812589,Bayonne,,,male,113,98636170,0000000077784510,OL234664A,346732,https://en.wikipedia.org/wiki/George_R._R._Martin,https://es.wikipedia.org/wiki/George_R._R._Martin,,2026-09-30T15:46:53Z,George R. R. Martin,blogger | editing staff | fantasy author | film producer | manufacturer | novelist | prose writer | science fiction writer | screenwriter | short story writer | television producer | television writer | writer,United States,English,
Q369696,Ghassan Kanafani,Ghassan Kanafani,Palestinian writer (1936–1972),1936-04-09,1936,day,gregorian,1972-07-08,1972,day,gregorian,Q126084,Acre,Q3820,Beirut,male,50,39379118,0000000110251741,OL5240081A,,https://en.wikipedia.org/wiki/Ghassan_Kanafani,https://es.wikipedia.org/wiki/Ghassan_Kanafani,,2026-09-30T15:47:14Z,Ghassan Kanafani,journalist | literary critic | novelist | politician | prose writer | teacher | writer,Mandatory Palestine,Arabic | English,
Q1402,Giovanni Boccaccio,Giovanni Boccaccio,Italian author and poet (1313–1375),1313,1313,year,julian,1375-12-21,1375,day,julian,Q2044,Florence,Q82646,Certaldo,male,151,64002165,0000000121018590,OL2055261A,29227,https://en.wikipedia.org/wiki/Giovanni_Boccaccio,https://es.wikipedia.org/wiki/Giovanni_Boccaccio,,2026-09-30T15:46:53Z,Giovanni Boccaccio,biographer | diplomat | mythographer | poet | short story writer | translator | writer,Republic of Florence,Italian | Latin,
Q213482,Giuseppe Tomasi di Lampedusa,Giuseppe Tomasi di Lampedusa,Sicilian Prince and writer (1896-1957),1896-12-23,1896,day,gregorian,1957-07-23,1957,day,gregorian,Q2656,Palermo,Q220,Rome,male,62,88710059,0000000116831579,OL325884A,8407795,https://en.wikipedia.org/wiki/Giuseppe_Tomasi_di_Lampedusa,https://es.wikipedia.org/wiki/Giuseppe_Tomasi_di_Lampedusa,,2026-09-30T15:46:57Z,Giuseppe Tomasi di Lampedusa,essayist | novelist | writer,Italy | Kingdom of Italy,English | French | German | Italian | Russian | Spanish,
Q3323486,Gloria Fuertes,Gloria Fuertes,Spanish writer (1917–1998),1917-07-28,1917,day,gregorian,1998-11-27,1998,day,gregorian,Q2807,Madrid,Q2807,Madrid,female,24,73969667,0000000116723260,OL191655A,55726,https://en.wikipedia.org/wiki/Gloria_Fuertes,https://es.wikipedia.org/wiki/Gloria_Fuertes,,2026-09-30T15:47:14Z,Gloria Fuertes,children's writer | editing staff | hispanist | librarian | poet | writer,Spain,Spanish,
Q1392121,Graciliano Ramos,Graciliano Ramos,Brazilian writer and mayor (1892-1953),1892-10-27,1892,day,gregorian,1953-03-20,1953,day,gregorian,Q1772591,Quebrangulo,Q8678,Rio de Janeiro,male,23,66485924,0000000121372290,OL441423A,191636,https://en.wikipedia.org/wiki/Graciliano_Ramos,https://es.wikipedia.org/wiki/Graciliano_Ramos,,2026-09-30T15:46:53Z,Graciliano Ramos,children's writer | editor | journalist | linguist | novelist | politician | screenwriter | translator | writer,Brazil,Brazilian Portuguese | Portuguese,
Q13012,Guimarães Rosa,Guimarães Rosa,Brazilian novelist (1908-1967),1908-06-27,1908,day,gregorian,1967-11-19,1967,day,gregorian,Q1792063,Cordisburgo,Q8678,Rio de Janeiro,male,39,59088739,000000012096207X | 0000000368634213 | 0000000368634221 | 000000036863423X,OL204214A | OL4642494A,95937,https://en.wikipedia.org/wiki/Jo%C3%A3o_Guimar%C3%A3es_Rosa,https://es.wikipedia.org/wiki/Jo%C3%A3o_Guimar%C3%A3es_Rosa,,2026-09-30T15:46:53Z,João Guimarães Rosa,Esperantist | diplomat | novelist | physician | physician writer | poet | prose writer | writer,Brazil,Brazilian Portuguese | Esperanto | French | German | Portuguese | Spanish,
Q43444,Gustave Flaubert,Gustave Flaubert,French novelist (1821–1880),1821-12-12,1821,day,gregorian,1880-05-08,1880,day,gregorian,Q30974,Rouen,Q3003231,Croisset,male,160,9846192,0000000122762442,OL79039A,1461,https://en.wikipedia.org/wiki/Gustave_Flaubert,https://es.wikipedia.org/wiki/Gustave_Flaubert,,2026-09-30T15:47:19Z,Gustave Flaubert,dramaturge | novelist | writer,France,French,
Q203715,Gustavo Adolfo Bécquer,Gustavo Adolfo Bécquer,Spanish poet,1836-02-17,1836,day,gregorian,1870-12-22,1870,day,gregorian,Q8717,Seville,Q2807,Madrid,male,76,39390815,0000000121288136,OL3792450A,34575,https://en.wikipedia.org/wiki/Gustavo_Adolfo_B%C3%A9cquer,https://es.wikipedia.org/wiki/Gustavo_Adolfo_B%C3%A9cquer,,2026-09-30T15:46:57Z,Gustavo Adolfo Bécquer,draftsperson | musician | narrator | painter | playwright | poet | short story writer | writer,Spain,Spanish,Gustavo Adolfo Bécquer
Q9327,Guy de Maupassant,Guy de Maupassant,French writer (1850-1893),1850-08-05,1850,day,gregorian,1893-07-06,1893,day,gregorian,Q629137,Tourville-sur-Arques,Q1241308,Passy,male,155,29537765,0000000121258201,OL29388A,18791,https://en.wikipedia.org/wiki/Guy_de_Maupassant,https://es.wikipedia.org/wiki/Guy_de_Maupassant,,2026-09-30T15:47:23Z,Guy de Maupassant,journalist | novelist | playwright | poet | short story writer | writer,France,French,Guy de Valmont | Joseph Prunier | Maufrigneuse
Q6538,Günter Grass,Günter Grass,"German novelist, poet, playwright, illustrator, graphic artist, and sculptor (1927-2015)",1927-10-16,1927,day,gregorian,2015-04-13,2015,day,gregorian,Q216173,Free City of Danzig,Q2843,Lübeck,male,137,102319859,0000000120967591,OL28731A,749461,https://en.wikipedia.org/wiki/G%C3%BCnter_Grass,https://es.wikipedia.org/wiki/G%C3%BCnter_Grass,,2026-09-30T15:47:23Z,Günter Grass,altar server | artist | autobiographer | essayist | graphic artist | illustrator | librettist | lyricist | novelist | painter | photographer | playwright | poet | printmaker | screenwriter | sculptor | writer,Free City of Danzig | Germany,German,
Q42511,H. G. Wells,H. G. Wells,English writer (1866–1946),1866-09-21,1866,day,gregorian,1946-08-13,1946,day,gregorian,Q122892,Bromley,Q84,London,male,169,97006424,0000000122832703,OL13066A,880695,https://en.wikipedia.org/wiki/H._G._Wells,https://es.wikipedia.org/wiki/H._G._Wells,,2026-09-30T15:47:19Z,H. G. Wells,Idist | historian | journalist | novelist | science fiction writer | screenwriter | sociologist | writer,United Kingdom | United Kingdom of Great Britain and Ireland,English,H. G. Wells | Reginald Bliss | Septimus Browne | Sosthenes Smith
Q6240,Hafez,Hafez de Shiraz,Persian poet and mystic (1325–1389),1325,1325,year,gregorian,1389,1389,year,julian,Q6397066,Shiraz,Q6397066,Shiraz,male,163,56731778 | 92145857106822922504,0000000123418061,OL71598A,15291385,https://en.wikipedia.org/wiki/Hafez,https://es.wikipedia.org/wiki/Hafez_de_Shiraz,,2026-09-30T15:47:23Z,Hafez,lyricist | poet | writer,Muzaffarids of Iran | Timurid Empire,Arabic | Persian | Tajik,حافظ
Q80321,Halldór Laxness,Halldór Laxness,Icelandic author (1902-1998),1902-04-23,1902,day,gregorian,1998-02-08,1998,day,gregorian,Q1764,Reykjavík,Q829859,Mosfellsbær,male,102,17225412,0000000121222110 | 0000000368638345,OL62102A,8875,https://en.wikipedia.org/wiki/Halld%C3%B3r_Laxness,https://es.wikipedia.org/wiki/Halld%C3%B3r_Laxness,,2026-09-30T15:47:23Z,Halldór Laxness,linguist | novelist | philosopher | playwright | poet | translator | writer,Iceland,Icelandic,
Q5646626,Han Kang,Han Kang,South Korean writer,1970-11-27,1970,day,gregorian,,,,,Q41283,Gwangju,,,female,98,7231097,0000000054537103,OL2671323A,4119155,https://en.wikipedia.org/wiki/Han_Kang,https://es.wikipedia.org/wiki/Han_Kang,,2026-09-30T15:47:19Z,Han Kang,novelist | poet | short story writer | writer,South Korea,Korean,
Q290143,Hanan al-Shaykh,Hanan al-Shaykh,Lebanese writer,1945-11-12,1945,day,gregorian,,,,,Q3820,Beirut,,,female,21,24636311,0000000120957692,OL223346A,,https://en.wikipedia.org/wiki/Hanan_al-Shaykh,https://es.wikipedia.org/wiki/Hanan_al-Shaykh,,2026-09-30T15:47:14Z,Hanan al-Shaykh,journalist | novelist | playwright | short story writer | writer,Lebanon,Arabic | English,
Q60025,Hannah Arendt,Hannah Arendt,German-American political theorist and philosopher (1906–1975),1906-10-14,1906,day,gregorian,1975-12-04,1975,day,gregorian,Q1715,Hanover,Q429687,Upper West Side,female,126,105151053,0000000121463002,OL142235A,12806,https://en.wikipedia.org/wiki/Hannah_Arendt,https://es.wikipedia.org/wiki/Hannah_Arendt,birth_place,2026-09-30T15:47:23Z,Hannah Arendt,essayist | historian | philosopher | political scientist | political theorist | resistance fighter | sociologist | university teacher | writer,Prussia | United States | statelessness,English | German,
Q5673,Hans Christian Andersen,Hans Christian Andersen,Danish writer and poet (1805–1875),1805-04-02,1805,day,gregorian,1875-08-04,1875,day,gregorian,Q25331,Odense,Q3361839,Rolighed,male,244,4925902,0000000121184353,OL25931A,6378,https://en.wikipedia.org/wiki/Hans_Christian_Andersen,https://es.wikipedia.org/wiki/Hans_Christian_Andersen,,2026-09-30T15:47:19Z,Hans Christian Andersen,autobiographer | children's writer | director | fairy tale teller | journalist | librettist | novelist | papercut artist | playwright | poet | short story writer | traveler | writer,Kingdom of Denmark,Danish,
Q182658,Harper Lee,Harper Lee,American novelist (1926–2016),1926-04-28,1926,day,gregorian,2016-02-19,2016,day,gregorian,Q79496,Monroeville,Q79496,Monroeville,female,109,12431460,0000000080918006,OL498120A,1825,https://en.wikipedia.org/wiki/Harper_Lee,https://es.wikipedia.org/wiki/Harper_Lee,,2026-09-30T15:46:53Z,Harper Lee,actor | musician | novelist | poet lawyer | prose writer | screenwriter | writer,United States,English,Harper Lee
Q102513,Harriet Beecher Stowe,Harriet Beecher Stowe,American abolitionist and author (1811–1896),1811-06-14,1811,day,gregorian,1896-07-01,1896,day,gregorian,Q755403,Litchfield,Q33486,Hartford,female,118,32003151,0000000120176335,OL22157A,26242,https://en.wikipedia.org/wiki/Harriet_Beecher_Stowe,https://es.wikipedia.org/wiki/Harriet_Beecher_Stowe,,2026-09-30T15:46:53Z,Harriet Beecher Stowe,abolitionist | children's writer | essayist | novelist | poet | short story writer | social activist | writer,United States,American English | English,
Q134798,Haruki Murakami,Haruki Murakami,Japanese writer (born 1949),1949-01-12,1949,day,gregorian,,,,,Q1197771,Fushimi-ku,,,male,129,108238901,0000000121468778,OL13493873A | OL382524A,3354 | 46952794,https://en.wikipedia.org/wiki/Haruki_Murakami,https://es.wikipedia.org/wiki/Haruki_Murakami,,2026-09-30T15:46:53Z,Haruki Murakami,athletics competitor | essayist | linguist | novelist | prose writer | science fiction writer | short story writer | translator | university teacher | writer,Japan,English | Japanese,
Q44403,Heinrich Heine,Heinrich Heine,"German poet, writer and literary critic (1797–1856)",1797-12-13,1797,day,gregorian,1856-02-17,1856,day,gregorian,Q1718,Düsseldorf,Q90,Paris,male,168,34457918,0000000121272257,OL113829A,16071,https://en.wikipedia.org/wiki/Heinrich_Heine,https://es.wikipedia.org/wiki/Heinrich_Heine,,2026-09-30T15:47:19Z,Heinrich Heine,composer | essayist | journalist | jurist | librettist | literary critic | merchant | opinion journalist | playwright | poet | poet lawyer | theatre critic | writer,France | Kingdom of Prussia,French | German,
Q76480,Heinrich Mann,Heinrich Mann,German writer (1871–1950),1871-03-27,1871,day,gregorian,1950-03-11,1950,day,gregorian,Q2843,Lübeck,Q47164,Santa Monica,male,83,36957174,0000000121281495,OL125711A,45710,https://en.wikipedia.org/wiki/Heinrich_Mann,https://es.wikipedia.org/wiki/Heinrich_Mann,,2026-09-30T15:47:23Z,Heinrich Mann,autobiographer | biographer | draftsperson | essayist | illustrator | journalist | novelist | playwright | poet | prose writer | screenwriter | translator | writer,Germany,German,
Q36661,Henrik Ibsen,Henrik Ibsen,Norwegian playwright and theatre director (1828–1906),1828-03-20,1828,day,gregorian,1906-05-23,1906,day,gregorian,Q12003312,Stockmanngården,Q21711493,Christiania,male,170,71378383,0000000121385710,OL13192A,,https://en.wikipedia.org/wiki/Henrik_Ibsen,https://es.wikipedia.org/wiki/Henrik_Ibsen,,2026-09-30T15:47:14Z,Henrik Ibsen,director | librettist | playwright | poet | writer,Norway,Danish | Norwegian,Brynjolf Bjarme
Q131149,Henry David Thoreau,Henry David Thoreau,"American essayist, poet, and philosopher (1817–1862)",1817-07-12,1817,day,gregorian,1862-05-06,1862,day,gregorian,Q523240,Concord,Q523240,Concord,male,145,68936476,0000000121020957,OL19690A,10264,https://en.wikipedia.org/wiki/Henry_David_Thoreau,https://es.wikipedia.org/wiki/Henry_David_Thoreau,birth_place,2026-09-30T15:46:53Z,Henry David Thoreau,abolitionist | autobiographer | diarist | ecologist | environmentalist | essayist | naturalist | philosopher | poet | translator | writer,United States,English,
Q170509,Henry James,Henry James,American and British writer (1843–1916),1843-04-15,1843,day,gregorian,1916-02-28,1916,day,gregorian,Q60,New York City,Q743535,Chelsea,male,100,36920030,0000000121280310,OL21001A,159,https://en.wikipedia.org/wiki/Henry_James,https://es.wikipedia.org/wiki/Henry_James,,2026-09-30T15:46:53Z,Henry James,editing staff | literary critic | novelist | playwright | poet lawyer | screenwriter | short story writer | writer,United Kingdom of Great Britain and Ireland | United States,English | French,
Q41502,Henryk Sienkiewicz,Henryk Sienkiewicz,"Polish writer, novelist, journalist, philanthropist and Nobel Prize laureate (1846–1916)",1846-05-05,1846,day,gregorian,1916-11-15,1916,day,gregorian,Q2750458,Wola Okrzejska,Q68160,Vevey,male,139,24608122,0000000118740101 | 0000000368617560,OL33439A,25619,https://en.wikipedia.org/wiki/Henryk_Sienkiewicz,https://es.wikipedia.org/wiki/Henryk_Sienkiewicz,,2026-09-30T15:47:19Z,Henryk Sienkiewicz,journalist | novelist | screenwriter | short story writer | writer,Poland,Polish,
Q4985,Herman Melville,Herman Melville,American writer and poet (1819–1891),1819-08-01,1819,day,gregorian,1891-09-28,1891,day,gregorian,Q11299,Manhattan,Q60,New York City,male,131,27068555,000000012125135X,OL29497A,1624,https://en.wikipedia.org/wiki/Herman_Melville,https://es.wikipedia.org/wiki/Herman_Melville,,2026-09-30T15:47:19Z,Herman Melville,art collector | customs officer | essayist | lecturer | librettist | literary critic | novelist | poet | sailor | seaman | teacher | writer,United States,English,
Q25973,Hermann Hesse,Hermann Hesse,"Nobel Prize winning German-Swiss poet, novelist and painter (1877–1962)",1877-07-02,1877,day,gregorian,1962-08-09,1962,day,gregorian,Q487921,Calw,Q694086,Montagnola,male,163,41841418,0000000121296240 | 0000000368640816 | 0000000368640824,OL76437A,1113469,https://en.wikipedia.org/wiki/Hermann_Hesse,https://es.wikipedia.org/wiki/Hermann_Hesse,,2026-09-30T15:46:57Z,Hermann Hesse,Nobel Prize winner | bookseller | illustrator | librettist | literary scholar | novelist | pacifist | painter | philosopher | poet | resistance fighter | writer,German Empire | Germany | Switzerland,German,
Q26825,Herodotus,Heródoto,Greek historian and geographer (c. 484–c. 425 BC),-0484,-484,year,gregorian,-0425,-425,year,gregorian,Q5843680,Halicarnassus,Q213679,Pella,male,199,100225976 | 165151776736318010617 | 210167803127817771329 | 216167803126417771311 | 245167803128617771338 | 361144647696882257017 | 402144647701834919908 | 4183147907508079210004 | 4194151247992944270005 | 662168049022538410002 | 753154381062630292484 | 80163510515710932408,0000000123530133,OL90792A,901,https://en.wikipedia.org/wiki/Herodotus,https://es.wikipedia.org/wiki/Her%C3%B3doto,death_place,2026-09-30T15:46:57Z,Herodotus,historian,Halicarnassus,Ancient Greek,
Q38049,Herta Müller,Herta Müller,"German-Romanian novelist, poet and essayist (born 1953)",1953-08-17,1953,day,gregorian,,,,,Q939009,Nițchidorf,,,female,127,12324250,0000000121208546,OL3325335A,134980,https://en.wikipedia.org/wiki/Herta_M%C3%BCller,https://es.wikipedia.org/wiki/Herta_M%C3%BCller,,2026-09-30T15:47:14Z,Herta Müller,artist | essayist | linguist | novelist | poet | translator | writer,Germany | Romania,German | Romanian,
Q465700,Hilary Mantel,Hilary Mantel,British writer (1952–2022),1952-07-06,1952,day,gregorian,2022-09-22,2022,day,gregorian,Q383912,Glossop,Q134672,Exeter,female,57,44415775,0000000108570938,OL27119A,58851,https://en.wikipedia.org/wiki/Hilary_Mantel,https://es.wikipedia.org/wiki/Hilary_Mantel,,2026-09-30T15:47:19Z,Hilary Mantel,essayist | film critic | jurist | literary critic | novelist | short story writer | social worker | writer,United Kingdom,English,
Q286701,Hiromi Kawakami,Hiromi Kawakami,Japanese writer,1958-04-01,1958,day,gregorian,,,,,Q1490,Tokyo,,,female,32,98449089,0000000120186939,OL5613770A,637929,https://en.wikipedia.org/wiki/Hiromi_Kawakami,https://es.wikipedia.org/wiki/Hiromi_Kawakami,,2026-09-30T15:47:14Z,Hiromi Kawakami,novelist | science fiction writer | teacher | writer,Japan,Japanese,
Q6691,Homer,Homero,reputed author of the Iliad and the Odyssey,-0900,-900,century,julian,-0800,-800,century,julian,http://www.wikidata.org/.well-known/genid/8ac4d6b543c538249317b9331c24f493,,Q216993,Ios,male,271,1145857053522921435 | 224924963 | 382159474179327661328,000000036354151X,OL18404A | OL6928543A,903,https://en.wikipedia.org/wiki/Homer,https://es.wikipedia.org/wiki/Homero,,2026-09-30T15:47:23Z,Homer,author | poet | writer,Ionian League,Ancient Greek,
Q9711,Honoré de Balzac,Honoré de Balzac,French novelist and playwright (1799–1850),1799-05-20,1799,day,gregorian,1850-08-18,1850,day,gregorian,Q288,Tours,Q90,Paris,male,176,29529595,0000000123478072,OL29097A,228089,https://en.wikipedia.org/wiki/Honor%C3%A9_de_Balzac,https://es.wikipedia.org/wiki/Honor%C3%A9_de_Balzac,,2026-09-30T15:47:23Z,Honoré de Balzac,art critic | dramaturge | essayist | journalist | literary critic | novelist | prose writer | publisher | writer,France,French,Horace de Saint-Aubin | Lord R’Hoone | Saint Aubin | Viellerglé
Q6197,Horace,Horacio,Roman lyric poet (65 BC – 8 BC),-0065-12-08,-65,day,julian,-0008-11-27,-8,day,julian,Q52691,Venosa,Q220,Rome,male,169,100227522 | 14337116 | 2130151778256418130004 | 939164191732318740002,0000000121452178,OL20088A,3341504,https://en.wikipedia.org/wiki/Horace,https://es.wikipedia.org/wiki/Horacio,,2026-09-30T15:47:23Z,Horace,philosopher | poet | writer,Ancient Rome,Latin,
Q16864,Horacio Quiroga,Horacio Quiroga,"Uruguayan playwright, poet, and short story writer (1878–1937)",1878-12-31,1878,day,gregorian,1937-02-19,1937,day,gregorian,Q16595,Salto Department,Q1486,Buenos Aires,male,40,19689428,0000000122771648,OL70874A,38714,https://en.wikipedia.org/wiki/Horacio_Quiroga,https://es.wikipedia.org/wiki/Horacio_Quiroga,birth_place,2026-09-30T15:46:53Z,Horacio Quiroga,botanical collector | children's writer | dramaturge | playwright | poet | scientific collector | short story writer | writer,Uruguay,Spanish,Aquilino Delagoa | Guillermo Eynhardt | H.Q. | S. Fragoso Lima
Q484947,Hwang Sok-yong,Hwang Sok-yong,South Korean writer,1943-01-04,1943,day,gregorian,,,,,Q92161,Changchun,,,male,17,49439184,0000000121322250,OL3965312A,15100636 | 76485 | 9914369,https://en.wikipedia.org/wiki/Hwang_Sok-yong,https://es.wikipedia.org/wiki/Hwang_Sok_Yong,,2026-09-30T15:47:19Z,Hwang Sok-yong,journalist | novelist | writer,South Korea,Korean,
Q190379,Ian McEwan,Ian McEwan,British author (born 1948),1948-06-21,1948,day,gregorian,,,,,Q646980,Aldershot,,,male,63,109587997,0000000120326858,OL222146A,2408,https://en.wikipedia.org/wiki/Ian_McEwan,https://es.wikipedia.org/wiki/Ian_McEwan,,2026-09-30T15:46:57Z,Ian McEwan,author | film producer | film screenwriter | novelist | playwright | screenwriter | writer,United Kingdom,English,
Q129533,Idea Vilariño,Idea Vilariño,"Uruguayan poet, essayist and literary critic (1920-2009)",1920-08-18,1920,day,gregorian,2009-04-28,2009,day,gregorian,Q1335,Montevideo,Q1335,Montevideo,female,21,19748256,0000000118386528,,,https://en.wikipedia.org/wiki/Idea_Vilari%C3%B1o,https://es.wikipedia.org/wiki/Idea_Vilari%C3%B1o,,2026-09-30T15:46:53Z,Idea Vilariño,composer | literary scholar | poet | professor | translator | university teacher | writer,Uruguay,Spanish,Elena Rojas | Ola O. Fabre
Q555888,Ildefonso Falcones,Ildefonso Falcones,Spanish writer,1959-02-02,1959,day,gregorian,,,,,Q1492,Barcelona,,,male,23,85830150,0000000117731959,OL3203942A,31003,https://en.wikipedia.org/wiki/Ildefonso_Falcones,https://es.wikipedia.org/wiki/Ildefonso_Falcones,,2026-09-30T15:47:19Z,Ildefonso Falcones,lawyer | writer,Spain,Catalan | Spanish,
Q47755,Imre Kertész,Imre Kertész,Hungarian author (1929–2016),1929-11-09,1929,day,gregorian,2016-03-31,2016,day,gregorian,Q1781,Budapest,Q1781,Budapest,male,104,116884614,0000000121486458,OL382648A,26496,https://en.wikipedia.org/wiki/Imre_Kert%C3%A9sz,https://es.wikipedia.org/wiki/Imre_Kert%C3%A9sz,,2026-09-30T15:47:19Z,Imre Kertész,journalist | novelist | playwright | screenwriter | translator | writer,Germany | Hungary,German | Hungarian,
Q334711,Inca Garcilaso de la Vega,Inca Garcilaso de la Vega,Spanish chronicler (1539-1616),1539-04-12,1539,day,gregorian,1616-04-23,1616,day,gregorian,Q5582862,Cusco,Q5818,Córdoba,male,52,22163628,0000000121236432,OL150223A,,https://en.wikipedia.org/wiki/Inca_Garcilaso_de_la_Vega,https://es.wikipedia.org/wiki/Inca_Garcilaso_de_la_Vega,,2026-09-30T15:47:14Z,Inca Garcilaso de la Vega,artist | chronicler | historian | novelist | painter | poet | prose writer | translator | writer,Spanish Empire,Spanish,Inca Garcilaso de la Vega
Q78506,Ingeborg Bachmann,Ingeborg Bachmann,Austrian poet and author (1926–1973),1926-06-25,1926,day,gregorian,1973-10-17,1973,day,gregorian,Q41753,Klagenfurt am Wörthersee,Q220,Rome,female,58,6839,0000000122755250,OL27744A,45711,https://en.wikipedia.org/wiki/Ingeborg_Bachmann,https://es.wikipedia.org/wiki/Ingeborg_Bachmann,,2026-09-30T15:47:23Z,Ingeborg Bachmann,English–German translator | essayist | journalist | librettist | musician | philosopher | playwright | poet | screenwriter | translator | writer,Austria,German | Italian,
Q34981,Isaac Asimov,Isaac Asimov,American writer and biochemist (1920–1992),1920-01-02,1920,day,gregorian,1992-04-06,1992,day,gregorian,Q1010621,Petrovichi,Q11299,Manhattan,male,163,24597135,0000000122590564,OL34221A,16667,https://en.wikipedia.org/wiki/Isaac_Asimov,https://es.wikipedia.org/wiki/Isaac_Asimov,,2026-09-30T15:47:14Z,Isaac Asimov,autobiographer | biochemist | crime fiction writer | journalist | non-fiction writer | novelist | prose writer | science fiction writer | science writer | screenwriter | university teacher | writer,Russian Socialist Federative Soviet Republic | United States,English | Yiddish,Paul French
Q75612,Isaac Bashevis Singer,Isaac Bashevis Singer,Polish-American writer (1904–1991),1904-07-14,1904,day,gregorian,1991-07-24,1991,day,gregorian,Q609246,Radzymin,Q8652,Miami,male,113,95207392,0000000121441882,OL137147A,14444,https://en.wikipedia.org/wiki/Isaac_Bashevis_Singer,https://es.wikipedia.org/wiki/Isaac_Bashevis_Singer,"birth_place,death_place",2026-09-30T15:47:23Z,Isaac Bashevis Singer,Esperantist | Nobel Prize winner | autobiographer | children's writer | journalist | novelist | prose writer | screenwriter | translator | writer,Poland | Russian Empire | United States,English | Esperanto | Polish | Yiddish,Bashevis | D. Segal | Warszawski
Q83566,Isabel Allende,Isabel Allende,Chilean writer (born 1942),1942-08-02,1942,day,gregorian,,,,,Q2868,Lima,,,female,100,61556825,0000000121356071,OL228079A,2238,https://en.wikipedia.org/wiki/Isabel_Allende,https://es.wikipedia.org/wiki/Isabel_Allende,,2026-09-30T15:47:23Z,Isabel Allende,novelist,Chile | United States,English | Spanish,
Q179695,Ismail Kadare,Ismail Kadaré,Albanian writer (1936–2024),1936-01-28,1936,day,gregorian,2024-07-01,2024,day,gregorian,Q173690,Gjirokastër,Q19689,Tirana,male,86,97033239,0000000121445904,OL86811A,10838,https://en.wikipedia.org/wiki/Ismail_Kadare,https://es.wikipedia.org/wiki/Ismail_Kadar%C3%A9,,2026-09-30T15:46:53Z,Ismail Kadare,novelist | poet | translator | writer,Albania | France | Kosovo,Albanian,
Q3080325,Ismat Chughtai,Ismat Chughtai,Indian writer (1911-1991),1915-08-15,1915,day,gregorian,1991-10-24,1991,day,gregorian,Q798839,Budaun,Q1156,Mumbai,female,26,17274677,0000000083603667,OL1062A,231856,https://en.wikipedia.org/wiki/Ismat_Chughtai,https://es.wikipedia.org/wiki/Ismat_Chughtai,"birth_date,death_date",2026-09-30T15:47:14Z,Ismat Chughtai,film director | screenwriter | writer,British Raj | Dominion of India | India,Urdu,
Q154756,Italo Calvino,Italo Calvino,Italian journalist and writer (1923-1985),1923-10-15,1923,day,gregorian,1985-09-19,1985,day,gregorian,Q1747267,Santiago de las Vegas,Q2751,Siena,male,88,8520,000000012117119X,OL4326372A,155517,https://en.wikipedia.org/wiki/Italo_Calvino,https://es.wikipedia.org/wiki/Italo_Calvino,,2026-09-30T15:46:53Z,Italo Calvino,critic | essayist | journalist | librettist | literary editor | novelist | screenwriter | writer,Italy | Kingdom of Italy,French | Italian,
Q216478,Italo Svevo,Italo Svevo,Italian writer (1861-1928),1861-12-19,1861,day,gregorian,1928-09-13,1928,day,gregorian,Q546,Trieste,Q48065,Motta di Livenza,male,61,49232071,0000000011816866 | 0000000123206587,OL298044A | OL5927020A,38706,https://en.wikipedia.org/wiki/Italo_Svevo,https://es.wikipedia.org/wiki/Italo_Svevo,,2026-09-30T15:46:57Z,Italo Svevo,businessperson | novelist | playwright | translator | writer,Austria–Hungary | Kingdom of Italy,Italian,E. Samigli | Italo Svevo
Q47561,Ivo Andrić,Ivo Andrić,Yugoslav novelist (1892–1975),1892-10-10,1892,day,gregorian,1975-03-13,1975,day,gregorian,Q3033849,Dolac,Q3711,Belgrade,male,120,97177322,0000000121446464,OL6287601A,2147,https://en.wikipedia.org/wiki/Ivo_Andri%C4%87,https://es.wikipedia.org/wiki/Ivo_Andri%C4%87,,2026-09-30T15:47:19Z,Ivo Andrić,diplomat | essayist | novelist | poet | short story writer | writer,"Cisleithania | Kingdom of Serbs, Croats and Slovenes | Kingdom of Yugoslavia | Socialist Federal Republic of Yugoslavia | State of Slovenes, Croats and Serbs",Serbian | Serbo-Croatian,
Q79904,J. D. Salinger,J. D. Salinger,American author (1919–2010),1919-01-01,1919,day,gregorian,2010-01-27,2010,day,gregorian,Q60,New York City,Q2304594,Cornish,male,117,17092,0000000121171704,OL540486A,819789,https://en.wikipedia.org/wiki/J._D._Salinger,https://es.wikipedia.org/wiki/J._D._Salinger,,2026-09-30T15:47:23Z,J. D. Salinger,novelist | writer,United States,English,
Q34660,J. K. Rowling,J. K. Rowling,English author (born 1965),1965-07-31,1965,day,gregorian,,,,,Q1025095,Yate,,,female,181,116796842 | 305102743,000000012148628X,OL23919A,1077326,https://en.wikipedia.org/wiki/J._K._Rowling,https://es.wikipedia.org/wiki/J._K._Rowling,,2026-09-30T15:47:14Z,J. K. Rowling | Robert Galbraith,anti-transgender activist | author | children's writer | film producer | novelist | screenwriter | teacher | writer,United Kingdom,British English | English,Robert Galbraith
Q43293,J. M. Coetzee,John Coetzee,South African and Australian writer and scholar (born 1940),1940-02-09,1940,day,gregorian,,,,,Q5465,Cape Town,,,male,117,101839018,0000000121034865,OL33242A,4128,https://en.wikipedia.org/wiki/J._M._Coetzee,https://es.wikipedia.org/wiki/J._M._Coetzee,,2026-09-30T15:47:19Z,J. M. Coetzee,critic | essayist | librettist | linguist | literary scholar | novelist | poet | prose writer | screenwriter | translator | university teacher | writer,Australia | South Africa,Afrikaans | English,
Q892,J. R. R. Tolkien,J. R. R. Tolkien,English writer and philologist (1892–1973),1892-01-03,1892,day,gregorian,1973-09-02,1973,day,gregorian,Q37701,Bloemfontein,Q170478,Bournemouth,male,205,95218067,0000000121441970,OL26320A,656983,https://en.wikipedia.org/wiki/J._R._R._Tolkien,https://es.wikipedia.org/wiki/J._R._R._Tolkien,,2026-09-30T15:47:23Z,J. R. R. Tolkien,author | children's writer | essayist | historian | illustrator | librettist | linguist | literary critic | literary historian | military officer | novelist | philologist | poet | prose writer | teacher | translator | university teacher | writer,United Kingdom,English | Esperanto | Khuzdûl | Latin | Old English | Quenya | Sindarin,Oxymore
Q45765,Jack London,Jack London,"American author, journalist and social activist (1876–1916)",1876-01-12,1876,day,gregorian,1916-11-22,1916,day,gregorian,Q62,San Francisco,Q1530757,Glen Ellen,male,146,1878155566455313380007 | 46764200,0000000121309371 | 0000000368641210,OL44633A,1240,https://en.wikipedia.org/wiki/Jack_London,https://es.wikipedia.org/wiki/Jack_London,,2026-09-30T15:47:19Z,Jack London,autobiographer | children's writer | diarist | essayist | journalist | novelist | poet | prose writer | science fiction writer | screenwriter | seaman | travel writer | traveler | war correspondent | writer,United States,English,
Q130631,Jacques Derrida,Jacques Derrida,French philosopher (1930–2004),1930-07-15,1930,day,gregorian,2004-10-08,2004,day,gregorian,Q2673474,El Biar,Q238723,5th arrondissement of Paris,male,100,88958529,0000000121429146,OL23065A | OL6883583A,4132,https://en.wikipedia.org/wiki/Jacques_Derrida,https://es.wikipedia.org/wiki/Jacques_Derrida,,2026-09-30T15:46:53Z,Jacques Derrida,literary critic | philosopher | professor | university teacher | writer,France,English | French,
Q273210,James Baldwin,James Baldwin,American writer (1924–1987),1924-08-02,1924,day,gregorian,1987-12-01,1987,day,gregorian,Q189074,Harlem,Q208260,Saint-Paul-de-Vence,male,81,97644708,0000000121446704,OL391839A,10427,https://en.wikipedia.org/wiki/James_Baldwin,https://es.wikipedia.org/wiki/James_Baldwin,,2026-09-30T15:47:14Z,James Baldwin,civil rights advocate | essayist | gay fiction writer | novelist | playwright | poet | screenwriter | short story writer | social critic | university teacher | writer,France | United States,English | French,
Q6882,James Joyce,James Joyce,Irish novelist and poet (1882–1941),1882-02-02,1882,day,gregorian,1941-01-13,1941,day,gregorian,Q1761,Dublin,Q72,Zurich,male,207,44300643,0000000121302495,OL31827A,5144,https://en.wikipedia.org/wiki/James_Joyce,https://es.wikipedia.org/wiki/James_Joyce,birth_place,2026-09-30T15:47:23Z,James Joyce,author | journalist | librettist | literary critic | novelist | poet | prose writer | teacher | writer,France | Ireland | United Kingdom,Danish | English | French | German | Italian | Latin,
Q36322,Jane Austen,Jane Austen,"author, novelist, writer (1775–1817)",1775-12-16,1775,day,gregorian,1817-07-18,1817,day,gregorian,Q1231836,Steventon,Q172157,Winchester,female,203,102333412,000000012283635X,OL21594A,1265,https://en.wikipedia.org/wiki/Jane_Austen,https://es.wikipedia.org/wiki/Jane_Austen,birth_place,2026-09-30T15:47:14Z,Jane Austen,novelist | satirical novelist | short story writer | writer,United Kingdom of Great Britain and Ireland,English,
Q184746,Jane Goodall,Jane Goodall,English primatologist and anthropologist (1934–2025),1934-04-03,1934,day,gregorian,2025-10-01,2025,day,gregorian,Q25610,Hampstead,Q65,Los Angeles,female,122,108443470,0000000121469834,OL10271631A | OL39009A,18163,https://en.wikipedia.org/wiki/Jane_Goodall,https://es.wikipedia.org/wiki/Jane_Goodall,death_place,2026-09-30T15:46:53Z,Jane Goodall,activist | ethologist | primatologist,United Kingdom,English,
Q205772,Jared Diamond,Jared Diamond,"American scientist, historian, and author (born 1937)",1937-09-10,1937,day,gregorian,,,,,Q100,Boston,,,male,67,90709225,0000000110309413,OL540031A,256,https://en.wikipedia.org/wiki/Jared_Diamond,https://es.wikipedia.org/wiki/Jared_Mason_Diamond,,2026-09-30T15:46:57Z,Jared Diamond,ecologist | geographer | ornithologist | physiologist | university teacher | writer,United States,English | Fore | French | German | Greek | Italian | Latin | Russian,
Q2754,Jaroslav Hašek,Jaroslav Hašek,"Czech humorist, satirist, writer and anarchist (1883-1923)",1883-04-30,1883,day,gregorian,1923-01-03,1923,day,gregorian,Q1085,Prague,Q1025109,Lipnice nad Sázavou,male,96,4931097,0000000120954918,OL71477A,1774448,https://en.wikipedia.org/wiki/Jaroslav_Ha%C5%A1ek,https://es.wikipedia.org/wiki/Jaroslav_Ha%C5%A1ek,,2026-09-30T15:47:14Z,Jaroslav Hašek,author | humorist | journalist | novelist | opinion journalist | satirical novelist | satirist | writer,Cisleithania | Czechoslovakia,Czech | German | Hungarian | Polish | Russian | Serbian | Slovak,
Q299161,Javier Marías,Javier Marías,Spanish writer (1951–2022),1951-09-20,1951,day,gregorian,2022-09-11,2022,day,gregorian,Q2807,Madrid,Q2807,Madrid,male,45,102346399,0000000081709011,OL6296330A | OL934588A,71956,https://en.wikipedia.org/wiki/Javier_Mar%C3%ADas,https://es.wikipedia.org/wiki/Javier_Mar%C3%ADas,,2026-09-30T15:47:14Z,Javier Marías,editor | journalist | novelist | professor | translator | writer,Spain,English | Spanish,
Q742,Jean Racine,Jean Racine,French dramatist (1639-1699),1639-12-22,1639,day,gregorian,1699-04-21,1699,day,gregorian,Q454511,La Ferté-Milon,Q90,Paris,male,119,88809641,0000000123212338,OL60352A,15686,https://en.wikipedia.org/wiki/Jean_Racine,https://es.wikipedia.org/wiki/Jean_Racine,,2026-09-30T15:47:23Z,Jean Racine,historian | librettist | playwright | poet | translator | writer,Kingdom of France,French | Latin,
Q6527,Jean-Jacques Rousseau,Jean-Jacques Rousseau,"Genevan philosopher, writer, and composer (1712-1778)",1712-06-28,1712,day,gregorian,1778-07-02,1778,day,gregorian,Q71,Geneva,Q391953,Ermenonville,male,233,100184045,0000000121451116,OL29048A,7994,https://en.wikipedia.org/wiki/Jean-Jacques_Rousseau,https://es.wikipedia.org/wiki/Jean-Jacques_Rousseau,,2026-09-30T15:47:23Z,Jean-Jacques Rousseau,autobiographer | botanist | classical composer | composer | correspondent | encyclopédistes | essayist | music critic | musicologist | naturalist | novelist | pedagogue | philosopher | playwright | political scientist | writer,Republic of Geneva,French,
Q9364,Jean-Paul Sartre,Jean-Paul Sartre,French existentialist philosopher (1905–1980),1905-06-21,1905,day,gregorian,1980-04-15,1980,day,gregorian,Q90,Paris,Q187153,14th arrondissement of Paris,male,201,76322562,000000012321080X,OL117592A,1466,https://en.wikipedia.org/wiki/Jean-Paul_Sartre,https://es.wikipedia.org/wiki/Jean-Paul_Sartre,,2026-09-30T15:47:23Z,Jean-Paul Sartre,biographer | epistemologist | essayist | intellectual | literary critic | lyricist | novelist | opinion journalist | peace activist | philosopher | playwright | political writer | resistance fighter | screenwriter | writer,France,French,Jacques Guillemin
Q233584,Jeanette Winterson,Jeanette Winterson,English writer,1959-08-27,1959,day,gregorian,,,,,Q18125,Manchester,,,female,45,4961254,0000000121185882,OL229997A,9399,https://en.wikipedia.org/wiki/Jeanette_Winterson,https://es.wikipedia.org/wiki/Jeanette_Winterson,,2026-09-30T15:46:57Z,Jeanette Winterson,author | children's writer | film producer | journalist | novelist | playwright | prose writer | science fiction writer | screenwriter | short story writer | television writer | university teacher | writer,United Kingdom,English,
Q465208,Jhumpa Lahiri,Jhumpa Lahiri,American author of Indian origin (born 1967),1967-07-11,1967,day,gregorian,,,,,Q84,London,,,female,70,100885199,0000000121454923,OL240991A,3670,https://en.wikipedia.org/wiki/Jhumpa_Lahiri,https://es.wikipedia.org/wiki/Jhumpa_Lahiri,,2026-09-30T15:47:19Z,Jhumpa Lahiri,academic | actor | novelist | screenwriter | translator | university teacher | writer,India | United Kingdom | United States,Bangla | English | Italian,
Q180626,Jin Yong,Jin Yong,Hong Kong writer (1924-2018),1924-03-10,1924,day,gregorian,2018-10-30,2018,day,gregorian,Q286266,Haining,Q8423165,Hong Kong Sanatorium and Hospital,male,39,114380653,0000000081825880,OL1142590A,5773308,https://en.wikipedia.org/wiki/Jin_Yong,https://es.wikipedia.org/wiki/Jin_Yong,,2026-09-30T15:46:53Z,Jin Yong,film director | journalist | newspaper proprietor | novelist | political activist | science fiction writer | screenwriter | writer,British Hong Kong | People's Republic of China,Cantonese | Chinese,Jin Yong | 姚嘉衣 | 姚馥蘭 | 宜 | 宜孫 | 徐宜孫 | 徐慧之 | 林子暢 | 林歡 | 查理 | 樂宜 | 溫華篆 | 白香光 | 華小民 | 蕭子嘉 | 鏞 | 黃愛華
Q202693,Jo Nesbø,Jo Nesbø,"Norwegian novelist, musician and economist",1960-03-29,1960,day,gregorian,,,,,Q585,Oslo,,,male,61,44460209,0000000121305231,OL1471661A,904719,https://en.wikipedia.org/wiki/Jo_Nesb%C3%B8,https://es.wikipedia.org/wiki/Jo_Nesb%C3%B8,,2026-09-30T15:46:57Z,Jo Nesbø,association football player | author | children's writer | crime fiction writer | economist | executive producer | journalist | novelist | philanthropist | rock musician | screenwriter | singer | writer,Norway,Norwegian,
Q267691,Joan Didion,Joan Didion,American writer (1934-2021),1934-12-05,1934,day,gregorian,2021-12-23,2021,day,gregorian,Q18013,Sacramento,Q11299,Manhattan,female,55,100261326 | 100261335,0000000121033969,OL4441955A,238,https://en.wikipedia.org/wiki/Joan_Didion,https://es.wikipedia.org/wiki/Joan_Didion,,2026-09-30T15:46:57Z,Joan Didion,editing staff | essayist | journalist | novelist | screenwriter | writer,United States,English,
Q5879,Johann Wolfgang von Goethe,Johann Wolfgang von Goethe,"German writer, artist, natural scientist and politician (1749–1832)",1749-08-28,1749,day,gregorian,1832-03-22,1832,day,gregorian,Q1794,Frankfurt,Q3955,Weimar,male,278,24602065,0000000120999104,OL13193A,285217,https://en.wikipedia.org/wiki/Johann_Wolfgang_von_Goethe,https://es.wikipedia.org/wiki/Johann_Wolfgang_von_Goethe,,2026-09-30T15:47:23Z,Johann Wolfgang von Goethe,Theaterintendant | aphorist | art collector | art critic | art historian | art theorist | autobiographer | botanist | composer | diarist | diplomat | draftsperson | exlibrist | jurist | lawyer | librarian | librettist | literary scholar | mineralogist | music critic | naturalist | novelist | opinion journalist | painter | philosopher | physicist | playwright | poet | politician | polymath | print collector | printmaker | statesperson | theatre manager | theologian | travel writer | visual artist | watercolorist | writer | zoologist,Duchy of Saxe-Weimar-Eisenach,German,
Q82083,John Keats,John Keats,English Romantic poet (1795–1821),1795-10-31,1795,day,gregorian,1821-02-23,1821,day,gregorian,Q84,London,Q220,Rome,male,144,66508882,0000000121372872,OL153488A,11978,https://en.wikipedia.org/wiki/John_Keats,https://es.wikipedia.org/wiki/John_Keats,birth_place,2026-09-30T15:47:23Z,John Keats,judge-rapporteur | librettist | physician | poet | writer,United Kingdom of Great Britain and Ireland,English,
Q79759,John Milton,John Milton,English poet and civil servant (1608–1674),1608-12-09,1608,day,gregorian,1674-11-08,1674,day,gregorian,Q1068693,Cheapside,Q124252,St Luke's,male,155,17226855,0000000120993562,OL68333A,9876,https://en.wikipedia.org/wiki/John_Milton,https://es.wikipedia.org/wiki/John_Milton,,2026-09-30T15:47:23Z,John Milton,poet,Kingdom of England,Aramaic | Early Modern Spanish | English | French | Greek | Hebrew | Italian | Latin | Syriac,
Q39212,John Steinbeck,John Steinbeck,American writer (1902–1968),1902-02-27,1902,day,gregorian,1968-12-20,1968,day,gregorian,Q488125,Salinas,Q60,New York City,male,148,96992551,0000000121445760,OL25788A,585,https://en.wikipedia.org/wiki/John_Steinbeck,https://es.wikipedia.org/wiki/John_Steinbeck,death_place,2026-09-30T15:47:19Z,John Steinbeck,novelist | prose writer | scientific collector | screenwriter | war correspondent | writer,United States,English,
Q316607,Jonathan Franzen,Jonathan Franzen,American writer,1959-08-17,1959,day,gregorian,,,,,Q2666737,Western Springs,,,male,49,84489381,0000000109204868,OL764502A,2578,https://en.wikipedia.org/wiki/Jonathan_Franzen,https://es.wikipedia.org/wiki/Jonathan_Franzen,,2026-09-30T15:47:14Z,Jonathan Franzen,essayist | novelist | opinion journalist | translator | writer,United States,English | German,
Q41166,Jonathan Swift,Jonathan Swift,Anglo-Irish satirist and essayist (1667–1745),1667-11-30,1667,day,gregorian,1745-10-19,1745,day,gregorian,Q1761,Dublin,Q1761,Dublin,male,162,14777110 | 2340148876449849740007,0000000121214321,OL24522A,1831,https://en.wikipedia.org/wiki/Jonathan_Swift,https://es.wikipedia.org/wiki/Jonathan_Swift,,2026-09-30T15:47:19Z,Jonathan Swift,Anglican priest | children's writer | essayist | human rights defender | novelist | opinion journalist | pamphleteer | philosopher | poet | prose writer | public figure | satirical novelist | satirist | science fiction writer | writer,Kingdom of Ireland,English,Isaac Bickerstaff | Lemuel Gulliver | M. B. Drapier | Simon Wagstaff
Q184440,Jorge Amado,Jorge Amado,Brazilian writer (1912-2001),1912-08-10,1912,day,gregorian,2001-08-06,2001,day,gregorian,Q460750,Itabuna,Q36947,Salvador,male,80,108732513,0000000120968252,OL126038A,52683,https://en.wikipedia.org/wiki/Jorge_Amado,https://es.wikipedia.org/wiki/Jorge_Amado,,2026-09-30T15:46:53Z,Jorge Amado,journalist | novelist | poet | politician | writer,Brazil,Brazilian Portuguese | Portuguese,
Q909,Jorge Luis Borges,Jorge Luis Borges,"Argentine writer, essayist, poet and translator (1899–1986)",1899-08-24,1899,day,gregorian,1986-06-14,1986,day,gregorian,Q1486,Buenos Aires,Q71,Geneva,male,194,88919448,0000000121429031,OL18928A,500,https://en.wikipedia.org/wiki/Jorge_Luis_Borges,https://es.wikipedia.org/wiki/Jorge_Luis_Borges,,2026-09-30T15:47:23Z,Jorge Luis Borges,essayist | librarian | librettist | literary critic | narrator | opinion journalist | poet | screenwriter | short story writer | translator | writer,Argentina,English | French | German | Spanish,B. Suarez Lynch | H. Bustos Domecq
Q82925,Joseph Conrad,Joseph Conrad,Polish-British writer (1857–1924),1857-12-03,1857,day,gregorian,1924-08-03,1924,day,gregorian,Q4455727,Terekhove,Q866348,Bishopsbourne,male,129,73862853,0000000121023402,OL19441A,3345,https://en.wikipedia.org/wiki/Joseph_Conrad,https://es.wikipedia.org/wiki/Joseph_Conrad,,2026-09-30T15:47:23Z,Joseph Conrad,autobiographer | essayist | novelist | science fiction writer | screenwriter | slave driver | writer,Russian Empire | Second Polish Republic | United Kingdom | United Kingdom of Great Britain and Ireland,English | Polish,
Q78509,Joseph Roth,Joseph Roth,Austrian novelist and journalist (1894–1939),1894-09-02,1894,day,gregorian,1939-05-27,1939,day,gregorian,Q465104,Brody,Q90,Paris,male,66,56615783,000000008384476X,OL27272A,30681,https://en.wikipedia.org/wiki/Joseph_Roth,https://es.wikipedia.org/wiki/Joseph_Roth,,2026-09-30T15:47:23Z,Joseph Roth,journalist | playwright | writer,Austria | Cisleithania,German,
Q185548,Jostein Gaarder,Jostein Gaarder,Norwegian author (born 1952),1952-08-08,1952,day,gregorian,,,,,Q585,Oslo,,,male,77,54345762,0000000001070394,OL81486A,1388082,https://en.wikipedia.org/wiki/Jostein_Gaarder,https://es.wikipedia.org/wiki/Jostein_Gaarder,,2026-09-30T15:46:53Z,Jostein Gaarder,children's writer | novelist | philosopher | poet | screenwriter | teacher | writer,Norway,Norwegian,
Q439761,José Donoso,José Donoso,Chilean author and journalist (1924-1996),1924-10-05,1924,day,gregorian,1996-12-07,1996,day,gregorian,Q2887,Santiago,Q2887,Santiago,male,29,29601775,0000000121259984,OL4279328A,37871,https://en.wikipedia.org/wiki/Jos%C3%A9_Donoso,https://es.wikipedia.org/wiki/Jos%C3%A9_Donoso,,2026-09-30T15:47:19Z,José Donoso,journalist | literary scholar | novelist | screenwriter | university teacher | writer,Chile,Spanish,
Q363927,José Eduardo Agualusa,José Eduardo Agualusa,"Angolan journalist, writer",1960-12-13,1960,day,gregorian,,,,,Q207322,Huambo,,,male,38,4978257,0000000121186324,OL355897A,484376,https://en.wikipedia.org/wiki/Jos%C3%A9_Eduardo_Agualusa,https://es.wikipedia.org/wiki/Jos%C3%A9_Eduardo_Agualusa,,2026-09-30T15:47:14Z,José Eduardo Agualusa,journalist | writer,Angola,Portuguese,
Q377623,José Hernández,José Hernández,Argentine writer (1834-1886),1834-11-10,1834,day,gregorian,1886-10-21,1886,day,gregorian,Q414,Argentina,Q815569,Belgrano,male,38,100187307,0000000123213920,OL4280830A,,https://en.wikipedia.org/wiki/Jos%C3%A9_Hern%C3%A1ndez_(writer),https://es.wikipedia.org/wiki/Jos%C3%A9_Hern%C3%A1ndez,birth_place,2026-09-30T15:47:14Z,José Hernández,journalist | merchant | military personnel | poet | politician | stenographer | writer,Argentina,Spanish,
Q558950,José Luandino Vieira,José Luandino Vieira,Angolan writer,1935-05-04,1935,day,gregorian,,,,,Q771546,Ourém,,,male,17,7398279,0000000110205526 | 000000036857082X | 0000000368570838,OL655333A,,https://en.wikipedia.org/wiki/Jos%C3%A9_Luandino_Vieira,https://es.wikipedia.org/wiki/Jos%C3%A9_Luandino_Vieira,,2026-09-30T15:47:19Z,Luandino Vieira,writer,Angola,Portuguese,José Graça | José Muimbo
Q316327,José Maria de Eça de Queirós,José Maria Eça de Queirós,Portuguese writer and diplomat (1845–1900),1845-11-25,1845,day,gregorian,1900-08-16,1900,day,gregorian,Q200459,Póvoa de Varzim,Q90,Paris,male,55,88719234,0000000121428610,OL73090A,,https://en.wikipedia.org/wiki/E%C3%A7a_de_Queiroz,https://es.wikipedia.org/wiki/Jos%C3%A9_Maria_E%C3%A7a_de_Queir%C3%B3s,,2026-09-30T15:47:14Z,Eça de Queirós,diplomat | journalist | novelist | writer,Kingdom of Portugal,Portuguese,
Q103285,José Martí,José Marti,"Cuban poet, philosopher and nationalist (1853-1895)",1853-01-28,1853,day,gregorian,1895-05-19,1895,day,gregorian,Q1563,Havana,Q138795190,"Dos Rios, Cuba",male,99,73865537,0000000121393681,OL74613A,,https://en.wikipedia.org/wiki/Jos%C3%A9_Mart%C3%AD,https://es.wikipedia.org/wiki/Jos%C3%A9_Mart%C3%AD,,2026-09-30T15:46:53Z,José Martí,essayist | journalist | linguist | military personnel | painter | philosopher | poet | politician | revolutionary | translator | writer,Mexico | Spain,Spanish,muschacho
Q443403,José Martínez Ruiz,Azorín,"Spanish novelist, essayist and literary critic (1873–1967)",1873-06-08,1873,day,gregorian,1967-03-03,1967,day,gregorian,Q1645615,Monòver,Q2807,Madrid,male,36,2479761 | 266193293,0000000121178789 | 0000000449362838,OL4280630A | OL761617A,,https://en.wikipedia.org/wiki/Jos%C3%A9_Mart%C3%ADnez_Ruiz,https://es.wikipedia.org/wiki/Azor%C3%ADn,birth_date,2026-09-30T15:47:19Z,Azorín,journalist | literary critic | non-fiction writer | novelist | playwright | politician | writer,Spain,Spanish,Azorín | Cándido
Q1500,José Rizal,José Rizal,"Filipino nationalist, writer and polymath (1861–1896)",1861-06-19,1861,day,gregorian,1896-12-30,1896,day,gregorian,Q75978,Calamba,Q1461,Manila,male,89,41845763,0000000081201592,OL178062A,,https://en.wikipedia.org/wiki/Jos%C3%A9_Rizal,https://es.wikipedia.org/wiki/Jos%C3%A9_Rizal,,2026-09-30T15:46:53Z,José Rizal,linguist | literary translator | novelist | ophthalmologist | painter | patriot | physician | poet | political activist | politician | polymath | revolutionary | satirical novelist | surgeon | translator | writer,Captaincy General of the Philippines | Philippines,Spanish,Dimas-Alang | Laón Laang | Laón Laán
Q37060,José Saramago,José Saramago,Portuguese novelist (1922–2010),1922-11-16,1922,day,gregorian,2010-06-18,2010,day,gregorian,Q793814,Azinhaga,Q182432,Lanzarote,male,136,114473675,0000000121483353,OL3112635A,1285555,https://en.wikipedia.org/wiki/Jos%C3%A9_Saramago,https://es.wikipedia.org/wiki/Jos%C3%A9_Saramago,,2026-09-30T15:47:14Z,José Saramago,chronicler | diarist | dramaturge | essayist | journalist | literary critic | novelist | playwright | poet | revolutionary | screenwriter | translator | writer,Portugal,Portuguese,
Q455703,José de Alencar,José de Alencar,Brazilian writer (1829–1877),1829-05-01,1829,day,gregorian,1877-12-12,1877,day,gregorian,Q43463,Fortaleza,Q8678,Rio de Janeiro,male,40,54163536,0000000121334526,OL161946A,540628,https://en.wikipedia.org/wiki/Jos%C3%A9_de_Alencar,https://es.wikipedia.org/wiki/Jos%C3%A9_de_Alencar,,2026-09-30T15:47:19Z,José de Alencar,critic | journalist | lawyer | literary critic | novelist | playwright | politician | writer,Brazil,Portuguese,Erasmo
Q16873,Juan Carlos Onetti,Juan Carlos Onetti,Uruguayan novelist (1909-1994),1909-07-01,1909,day,gregorian,1994-05-30,1994,day,gregorian,Q1335,Montevideo,Q2807,Madrid,male,43,329144928068454341190 | 41844581,0000000121296427,OL132586A,39279,https://en.wikipedia.org/wiki/Juan_Carlos_Onetti,https://es.wikipedia.org/wiki/Juan_Carlos_Onetti,,2026-09-30T15:46:53Z,Juan Carlos Onetti,journalist | librarian | novelist | short story writer | writer,Spain | Uruguay,Spanish,Groucho Marx
Q1634870,Juan Gómez-Jurado,Juan Gómez-Jurado,journalist,1977-12-16,1977,day,gregorian,,,,,Q2807,Madrid,,,male,12,79559224,0000000109195287,OL2660318A,364872,https://en.wikipedia.org/wiki/Juan_G%C3%B3mez-Jurado,https://es.wikipedia.org/wiki/Juan_G%C3%B3mez-Jurado,,2026-09-30T15:46:53Z,Juan Gómez-Jurado,journalist | novelist | television presenter | writer,Spain,Spanish,
Q460109,Juan Marsé,Juan Marsé,Spanish writer (1933–2020),1933-01-08,1933,day,gregorian,2020-07-18,2020,day,gregorian,Q1492,Barcelona,Q1492,Barcelona,male,34,98036383,0000000121447758,OL145950A | OL4287656A,39194,https://en.wikipedia.org/wiki/Juan_Mars%C3%A9,https://es.wikipedia.org/wiki/Juan_Mars%C3%A9,,2026-09-30T15:47:19Z,Juan Marsé,columnist | novelist | screenwriter | writer,Spain,Catalan | Spanish,Juan Marsé
Q200661,Juan Rulfo,Juan Rulfo,Mexican writer (1917–1986),1917-05-16,1917,day,gregorian,1986-01-07,1986,day,gregorian,Q3311403,Sayula Municipality,Q1489,Mexico City,male,59,9853151,0000000120990118,OL199285A,21778,https://en.wikipedia.org/wiki/Juan_Rulfo,https://es.wikipedia.org/wiki/Juan_Rulfo,,2026-09-30T15:46:57Z,Juan Rulfo,novelist | photographer | screenwriter | singer | writer,Mexico,Spanish,
Q219368,Judith Butler,Judith Butler,American feminist gender studies philosopher (born 1956),1956-02-24,1956,day,gregorian,,,,,Q37320,Cleveland,,,non-binary,89,98486723,0000000122833554,OL538504A,5231,https://en.wikipedia.org/wiki/Judith_Butler,https://es.wikipedia.org/wiki/Judith_Butler,,2026-09-30T15:46:57Z,Judith Butler,art theorist | journalist | literary critic | philosopher | psychoanalyst | psychologist | queer theorist | social scientist | sociologist | university teacher | women's rights activist | writer,United States,English,
Q33977,Jules Verne,Julio Verne,French writer (1828–1905),1828-02-08,1828,day,gregorian,1905-03-24,1905,day,gregorian,Q12191,Nantes,Q41604,Amiens,male,190,76323989,0000000121400562,OL113611A | OL7484846A,696805,https://en.wikipedia.org/wiki/Jules_Verne,https://es.wikipedia.org/wiki/Julio_Verne,,2026-09-30T15:47:14Z,Jules Verne,Esperantist | children's writer | futurist | novelist | playwright | poet | science fiction writer | writer,France,Esperanto | French,
Q295431,Julian Barnes,Julian Barnes,English writer (born 1946),1946-01-19,1946,day,gregorian,,,,,Q83065,Leicester,,,male,63,51710796,0000000120256845,OL238796A,1462,https://en.wikipedia.org/wiki/Julian_Barnes,https://es.wikipedia.org/wiki/Julian_Barnes,,2026-09-30T15:47:14Z,Julian Barnes,essayist | journalist | lexicographer | literary critic | novelist | science fiction writer | translator | writer,United Kingdom,English,Dan Kavanagh
Q174210,Julio Cortázar,Julio Cortázar,Argentine writer and translator (1914–1984),1914-08-26,1914,day,gregorian,1984-02-12,1984,day,gregorian,Q239,Brussels,Q163948,10ᵗʰ arrondissement of Paris,male,90,12306822,0000000121208052 | 0000000368637756,OL2631008A | OL5260682A,25824,https://en.wikipedia.org/wiki/Julio_Cort%C3%A1zar,https://es.wikipedia.org/wiki/Julio_Cort%C3%A1zar,,2026-09-30T15:46:53Z,Julio Cortázar,writer,France | Mexico,English | French | Spanish,Julio Denis
Q316213,Jun'ichirō Tanizaki,Junichiro Tanizaki,Japanese author (1886–1965),1886-07-24,1886,day,gregorian,1965-07-30,1965,day,gregorian,Q927789,Nihonbashi-ku,Q653364,Atami,male,47,95021658,0000000121440791,OL51998A,6263,https://en.wikipedia.org/wiki/Jun%27ichir%C5%8D_Tanizaki,https://es.wikipedia.org/wiki/Junichiro_Tanizaki,,2026-09-30T15:47:14Z,Junichiro Tanizaki,novelist | screenwriter | writer,Empire of Japan | Japan,Japanese,
Q235291,Jung Chang,Jung Chang,Chinese-British author (born 1952),1952-03-25,1952,day,gregorian,,,,,Q427265,Yibin,,,female,35,9906407,0000000120207031,OL662333A,1237,https://en.wikipedia.org/wiki/Jung_Chang,https://es.wikipedia.org/wiki/Jung_Chang,,2026-09-30T15:46:57Z,Jung Chang,autobiographer | biographer | historian | linguist | poet | writer,United Kingdom,English,
Q47737,Kahlil Gibran,Yibrán Jalil Yibrán,"Lebanese-American writer, poet, and painter (1883–1931)",1883-01-06,1883,day,gregorian,1931-04-10,1931,day,gregorian,Q181167,Bsharri,Q60,New York City,male,158,88896061,0000000001066256,OL2890A | OL3090994A,6466154,https://en.wikipedia.org/wiki/Kahlil_Gibran,https://es.wikipedia.org/wiki/Yibr%C3%A1n_Jalil_Yibr%C3%A1n,,2026-09-30T15:47:19Z,Kahlil Gibran,painter | philosopher | poet | short story writer | visual artist | writer,Lebanese Republic under French mandate | Ottoman Empire | State of Greater Lebanon,Arabic | English | French,
Q3087962,Kamila Shamsie,Kamila Shamsie,Pakistani and British writer and novelist (born 1973),1973-08-13,1973,day,gregorian,,,,,Q8660,Karachi,,,female,35,102271932,000000012145849X,OL102484A,168076,https://en.wikipedia.org/wiki/Kamila_Shamsie,https://es.wikipedia.org/wiki/Kamila_Shamsie,,2026-09-30T15:47:14Z,Kamila Shamsie,novelist | writer,Pakistan | United Kingdom,English | Urdu,
Q155855,Karel Čapek,Karel Čapek,Czech writer (1890–1938),1890-01-09,1890,day,gregorian,1938-12-25,1938,day,gregorian,Q1818270,Malé Svatoňovice,Q662985,Vinohrady,male,110,2043158915863250000008 | 34454129,000000012127202X,OL10349770A | OL1155711A | OL4280557A | OL5930483A,439723,https://en.wikipedia.org/wiki/Karel_%C4%8Capek,https://es.wikipedia.org/wiki/Karel_%C4%8Capek,,2026-09-30T15:46:53Z,Karel Čapek,children's writer | director | draftsperson | dramaturge | essayist | feuilletonist | illustrator | journalist | literary critic | novelist | painter | philosopher | photographer | playwright | poet | satirical novelist | science fiction writer | translator | traveler | writer,Cisleithania | Czechoslovakia,Czech | French,B. Č. | K. Č. | Karel Plocek | Karel Vašek
Q182804,Karen Blixen,Karen Blixen,Danish writer (1885-1962),1885-04-17,1885,day,gregorian,1962-09-07,1962,day,gregorian,Q1569018,Rungstedlund,Q1569018,Rungstedlund,female,92,121643918 | 3749149368886185980007 | 90663542,0000000118910457 | 0000000120966265 | 0000000368634408,OL135127A | OL429080A | OL7515788A,8147,https://en.wikipedia.org/wiki/Karen_Blixen,https://es.wikipedia.org/wiki/Karen_Blixen,,2026-09-30T15:46:53Z,Karen Blixen | Isak Dinesen,short story writer,Kingdom of Denmark,Danish | English | French,Isak Dinesen | Osceola | Pierre Andrézel | Tania Blixen
Q609317,Karl Ove Knausgård,Karl Ove Knausgård,Norwegian author,1968-12-06,1968,day,gregorian,,,,,Q585,Oslo,,,male,40,84253903,0000000078377853,OL50998A,3020048,https://en.wikipedia.org/wiki/Karl_Ove_Knausg%C3%A5rd,https://es.wikipedia.org/wiki/Karl_Ove_Knausg%C3%A5rd,,2026-09-30T15:47:23Z,Karl Ove Knausgård,autobiographer | novelist | writer,Norway,English | Norwegian,
Q272855,Kazuo Ishiguro,Kazuo Ishiguro,British novelist (born 1954),1954-11-08,1954,day,gregorian,,,,,Q38234,Nagasaki,,,male,117,108702574 | 109337598,0000000110812692,OL28493A,4280,https://en.wikipedia.org/wiki/Kazuo_Ishiguro,https://es.wikipedia.org/wiki/Kazuo_Ishiguro,,2026-09-30T15:46:57Z,Kazuo Ishiguro,author | lyricist | novelist | science fiction writer | screenwriter | songwriter | writer,Japan | United Kingdom,English | Japanese,
Q80095,Kenzaburō Ōe,Kenzaburō Ōe,Japanese writer and Nobel Laureate (1935–2023),1935-01-31,1935,day,gregorian,2023-03-03,2023,day,gregorian,Q8081696,Ōse,Q1490,Tokyo,male,107,97169275,000000012031278X,OL2781343A,3439713,https://en.wikipedia.org/wiki/Kenzabur%C5%8D_%C5%8Ce,https://es.wikipedia.org/wiki/Kenzabur%C5%8D_%C5%8Ce,,2026-09-30T15:47:23Z,Kenzaburō Ōe,essayist | narrator | novelist | science fiction writer | screenwriter | university teacher | writer,Empire of Japan | Japan,Japanese,
Q193116,Khaled Hosseini,Jaled Hosseini,Afghan novelist,1965-03-04,1965,day,gregorian,,,,,Q5838,Kabul,,,male,86,98912036,0000000110791561,OL1412764A,569,https://en.wikipedia.org/wiki/Khaled_Hosseini,https://es.wikipedia.org/wiki/Khaled_Hosseini,,2026-09-30T15:46:57Z,Khaled Hosseini,internist | medical author | novelist | physician | physician writer | writer,United States,English,
Q140135,Kim Young-ha,Kim Young-ha,South Korean writer,1968-11-11,1968,day,gregorian,,,,,Q50346,Hwacheon County,,,male,18,310528721,000000012148951X,,13789209 | 18022493 | 18274233 | 19727423 | 20702322,https://en.wikipedia.org/wiki/Kim_Young-ha,https://es.wikipedia.org/wiki/Kim_Young-ha,,2026-09-30T15:46:53Z,Kim Young-ha,writer,South Korea,Korean,
Q228589,Kiran Desai,Kiran Desai,Indian author,1971-09-03,1971,day,gregorian,,,,,Q987,New Delhi,,,female,62,34618623,0000000121275263,OL20133A,31428,https://en.wikipedia.org/wiki/Kiran_Desai,https://es.wikipedia.org/wiki/Kiran_Desai,,2026-09-30T15:46:57Z,Kiran Desai,novelist | writer,India,English,
Q605664,Kirmen Uribe,Kirmen Uribe,Spanish writer,1970-10-05,1970,day,gregorian,,,,,Q595283,Ondarroa,,,male,13,90660748,0000000081634953,,722872,https://en.wikipedia.org/wiki/Kirmen_Uribe,https://es.wikipedia.org/wiki/Kirmen_Uribe,,2026-09-30T15:47:23Z,Kirmen Uribe,university teacher | writer,Spain,Basque | English | Spanish,
Q40826,Knut Hamsun,Knut Hamsun,Norwegian novelist (1859–1952),1859-08-04,1859,day,gregorian,1952-02-19,1952,day,gregorian,Q113438,Vågå,Q90590,Grimstad,male,135,59083692,0000000121347845 | 0000000368642483 | 0000000368642491,OL41785A,18317,https://en.wikipedia.org/wiki/Knut_Hamsun,https://es.wikipedia.org/wiki/Knut_Hamsun,birth_place,2026-09-30T15:47:19Z,Knut Hamsun,critic | novelist | playwright | poet | writer,Norway,Danish | Norwegian,
Q49074,Kurt Vonnegut,Kurt Vonnegut,American author (1922–2007),1922-11-11,1922,day,gregorian,2007-04-11,2007,day,gregorian,Q6346,Indianapolis,Q60,New York City,male,121,71398958,0000000121386537,OL20187A,2778055,https://en.wikipedia.org/wiki/Kurt_Vonnegut,https://es.wikipedia.org/wiki/Kurt_Vonnegut,,2026-09-30T15:47:19Z,Kurt Vonnegut,writer,United States,American English,Mark Harvey | Philboyd Sludge
Q186273,Kōbō Abe,Kōbō Abe,"Japanese writer, playwright, photographer and inventor",1924-03-07,1924,day,gregorian,1993-01-22,1993,day,gregorian,Q235130,Kita,Q1490,Tokyo,male,74,91224584,0000000081637759 | 000000036850315X,OL2675570A | OL832531A,6526,https://en.wikipedia.org/wiki/K%C5%8Db%C5%8D_Abe,https://es.wikipedia.org/wiki/K%C5%8Db%C5%8D_Abe,,2026-09-30T15:46:53Z,Kobo Abe,film director | novelist | photographer | playwright | poet | prose writer | science fiction writer | screenwriter | writer,Empire of Japan | Japan,Japanese,
Q188093,Langston Hughes,Langston Hughes,American writer and social activist (1901–1967),1901-02-01,1901,day,gregorian,1967-05-22,1967,day,gregorian,Q317865,Joplin,Q60,New York City,male,87,44315795,0000000121303076,OL26459A,36910,https://en.wikipedia.org/wiki/Langston_Hughes,https://es.wikipedia.org/wiki/Langston_Hughes,,2026-09-30T15:46:53Z,Langston Hughes,biographer | children's writer | essayist | journalist | librettist | novelist | opinion journalist | playwright | poet | theatre manager | writer,United States,English,
Q315167,Lao She,Lao She,"Chinese writer, novelist and playwright (1899-1966)",1899-02-03,1899,day,gregorian,1966-08-24,1966,day,gregorian,Q956,Beijing,Q10036867,Taiping Lake,male,50,54150107,0000000121333902,OL5288692A,93509,https://en.wikipedia.org/wiki/Lao_She,https://es.wikipedia.org/wiki/Lao_She,,2026-09-30T15:47:14Z,Lao She,novelist | playwright | university teacher | writer,People's Republic of China,Chinese | English,老舍
Q9333,Laozi,Laozi,"6th-century BC semi-legendary Chinese philosopher, founder of Taoism",-0579,-579,century,julian,-0500,-500,millennium,julian,Q198061,Zhoukou,,,male,213,100199963 | 101089774 | 173612133 | 241509867 | 294097641 | 3234168048987738410009,0000000121017619,OL18293A,2622245,https://en.wikipedia.org/wiki/Laozi,https://es.wikipedia.org/wiki/Lao-Tse,birth_place,2026-09-30T15:47:23Z,Laozi,Taoist | archivist | philosopher | writer,Zhou dynasty,Chinese,Dan Li | Er Li | Tan Li
Q230586,Laura Esquivel,Laura Esquivel,Mexican writer,1950-09-30,1950,day,gregorian,,,,,Q1489,Mexico City,,,female,48,113190161,0000000121481657,OL85306A,4694,https://en.wikipedia.org/wiki/Laura_Esquivel,https://es.wikipedia.org/wiki/Laura_Esquivel_Vald%C3%A9s,,2026-09-30T15:46:57Z,Laura Esquivel,educator | ethnologist | novelist | politician | screenwriter | writer,Mexico,Spanish,
Q218960,Laurence Sterne,Laurence Sterne,Anglo-Irish novelist and Anglican cleric (1713–1768),1713-11-24,1713,day,gregorian,1768-03-18,1768,day,gregorian,Q217057,Clonmel,Q84,London,male,78,61552699,0000000446461697,OL53291A,22796,https://en.wikipedia.org/wiki/Laurence_Sterne,https://es.wikipedia.org/wiki/Laurence_Sterne,,2026-09-30T15:46:57Z,Laurence Sterne,autobiographer | cleric | journalist | novelist | parson | theologian | writer,Kingdom of Great Britain,English,Yorick
Q290220,Leila Aboulela,Leila Aboulela,Sudanese writer and playwright,1964,1964,year,gregorian,,,,,Q85,Cairo,,,female,30,17443341,0000000108556255,OL1434517A,62372,https://en.wikipedia.org/wiki/Leila_Aboulela,https://es.wikipedia.org/wiki/Leila_Aboulela,,2026-09-30T15:47:14Z,Leila Aboulela,essayist | novelist | playwright | writer,Sudan,English,
Q7243,Leo Tolstoy,León Tolstói,Russian author (1828–1910),1828-08-28,1828,day,julian,1910-11-07,1910,day,julian,Q749556,Yasnaya Polyana,Q4071563,Astapovo,male,282,96987389,0000000122424494,OL26783A,128382,https://en.wikipedia.org/wiki/Leo_Tolstoy,https://es.wikipedia.org/wiki/Le%C3%B3n_Tolst%C3%B3i,,2026-09-30T15:47:23Z,Leo Tolstoy,Esperantist | children's writer | diarist | essayist | novelist | opinion journalist | pacifist | pedagogue | philosopher | playwright | poet | prose writer | short story writer | writer,Russian Empire,Russian,Л. Н. | Л. Н. Т.
Q312747,Leopoldo Alas,"Leopoldo Alas, Clarín",Spanish author (1852–1901),1852-04-25,1852,day,gregorian,1901-06-13,1901,day,gregorian,Q15696,Zamora,Q14317,Oviedo,male,45,17218138,0000000121221820,OL28169A,5780534,https://en.wikipedia.org/wiki/Leopoldo_Alas,"https://es.wikipedia.org/wiki/Leopoldo_Alas,_Clar%C3%ADn",,2026-09-30T15:47:14Z,Leopoldo Alas Clarín,journalist | jurist | literary critic | novelist | university teacher | writer,Spain,Spanish,Clarín
Q38082,Lewis Carroll,Lewis Carroll,British author and scholar (1832–1898),1832-01-27,1832,day,gregorian,1898-01-14,1898,day,gregorian,Q990170,Daresbury,Q26583003,The Chestnuts,male,157,32144928665654441241 | 4759158915898550000007 | 66462036,0000000070923856 | 000000012137136X | 0000000456215596,OL22098A,8164,https://en.wikipedia.org/wiki/Lewis_Carroll,https://es.wikipedia.org/wiki/Lewis_Carroll,,2026-09-30T15:47:14Z,Lewis Carroll | Charles Lutwidge Dodgson,autobiographer | children's writer | deacon | diarist | librettist | logician | mathematician | novelist | philosopher | photographer | poet | writer,United Kingdom of Great Britain and Ireland,British English | English,Lewis Carroll
Q607588,Liu Cixin,Liu Cixin,Chinese science fiction writer,1963-06-23,1963,day,gregorian,,,,,Q956,Beijing,,,male,49,78192675,0000000037048121,OL7044246A,5780686,https://en.wikipedia.org/wiki/Liu_Cixin,https://es.wikipedia.org/wiki/Liu_Cixin,,2026-09-30T15:47:23Z,Liu Cixin,engineer | science fiction writer | writer,People's Republic of China,Chinese | Putonghua,
Q165257,Lope de Vega,Lope de Vega,Spanish playwright and poet (1562-1635),1562-11-25,1562,day,julian,1635-08-27,1635,day,gregorian,Q2807,Madrid,Q2807,Madrid,male,125,89773778,0000000121029775,OL80534A,35771,https://en.wikipedia.org/wiki/Lope_de_Vega,https://es.wikipedia.org/wiki/Lope_de_Vega,,2026-09-30T15:46:53Z,Lope de Vega,Catholic priest | librettist | playwright | poet | translator | writer,Spain,Spanish,
Q5679,Lord Byron,George Gordon Byron,English Romantic poet and lyricist (1788–1824),1788-01-22,1788,day,gregorian,1824-04-19,1824,day,gregorian,Q179351,City of Westminster,Q642810,Missolonghi,male,219,95230688,0000000121031939,OL113143A,44407,https://en.wikipedia.org/wiki/Lord_Byron,https://es.wikipedia.org/wiki/Lord_Byron,,2026-09-30T15:47:19Z,Lord Byron,aristocrat | autobiographer | diarist | librettist | lyricist | philhellene | poet | politician | translator | writer,Kingdom of Great Britain | United Kingdom of Great Britain and Ireland,English,
Q185696,Louisa May Alcott,Louisa May Alcott,American novelist (1832–1888),1832-11-29,1832,day,gregorian,1888-03-06,1888,day,gregorian,Q279890,Germantown,Q100,Boston,female,112,29528997,0000000121257727,OL26680A,1315,https://en.wikipedia.org/wiki/Louisa_May_Alcott,https://es.wikipedia.org/wiki/Louisa_May_Alcott,,2026-09-30T15:46:53Z,Louisa May Alcott,children's writer | domestic worker | novelist | nurse | poet | suffragist | teacher | writer,United States,English,A. M. Barnard | Flora Fairchild | Flora Fairfield | Tribulation Periwinkle
Q23114,Lu Xun,Lu Xun,Chinese novelist and essayist (1881–1936),1881-09-25,1881,day,gregorian,1936-10-19,1936,day,gregorian,Q42666,Shaoxing,Q8686,Shanghai,male,128,29537230,0000000121258156 | 0000000368682186 | 000000036868224X | 0000000368682258 | 0000000368682282,OL2889685A | OL4866653A | OL7503188A,6595262 | 7509399,https://en.wikipedia.org/wiki/Lu_Xun,https://es.wikipedia.org/wiki/Lu_Xun,,2026-09-30T15:46:57Z,Lu Xun,Esperantist | critic | essayist | literary critic | novelist | poet | short story writer | translator | writer,Qing dynasty | Republic of China,Chinese | Classical Chinese | English | Esperanto | German | Japanese | Russian | written vernacular Chinese,Lu Xun | 豫亭 | 豫山 | 豫才
Q3547747,Lualhati Bautista,Lualhati Bautista,Filipino novelist (1945-2023),1945-12-02,1945,day,gregorian,2023-02-12,2023,day,gregorian,Q1287698,Tondo,Q1475,Quezon City,female,16,112266222,0000000083086727,OL314158A,673490,https://en.wikipedia.org/wiki/Lualhati_Bautista,https://es.wikipedia.org/wiki/Lualhati_Bautista,,2026-09-30T15:47:14Z,Lualhati Bautista,activist | novelist | screenwriter,Philippines,Tagalog,
Q273034,Lucy Maud Montgomery,Lucy Maud Montgomery,Canadian writer (1874–1942),1874-11-30,1874,day,gregorian,1942-04-24,1942,day,gregorian,Q1978,Prince Edward Island,Q172,Toronto,female,67,30145542359096640697,000000012022865X | 0000000368627574,OL39485A,5350,https://en.wikipedia.org/wiki/Lucy_Maud_Montgomery,https://es.wikipedia.org/wiki/Lucy_Maud_Montgomery,,2026-09-30T15:47:14Z,L. M. Montgomery,biographer | children's writer | diarist | journalist | novelist | poet | short story writer | teacher | writer | young adult author,Canada,English,
Q1403,Luigi Pirandello,Luigi Pirandello,"Italian dramatist, novelist, short story writer and poet (1867-1936)",1867-06-28,1867,day,gregorian,1936-12-10,1936,day,gregorian,Q13678,Agrigento,Q220,Rome,male,134,64010465,0000000121363538,OL32292A,7702,https://en.wikipedia.org/wiki/Luigi_Pirandello,https://es.wikipedia.org/wiki/Luigi_Pirandello,,2026-09-30T15:46:53Z,Luigi Pirandello,director | novelist | playwright | poet | screenwriter | writer,Kingdom of Italy,German | Italian,Caliban | Emma Nevini | Fernando | Giulian Dorpelli | Paulo Post
Q9025225,Luis Mateo Díez,Luis Mateo Díez,Spanish writer,1942-09-21,1942,day,gregorian,,,,,Q1605938,Villablino,,,male,13,274359798,0000000120198198,OL202977A,,https://en.wikipedia.org/wiki/Luis_Mateo_D%C3%ADez,https://es.wikipedia.org/wiki/Luis_Mateo_D%C3%ADez,,2026-09-30T15:47:23Z,Luis Mateo Díez,jurist | novelist | writer,Spain,Spanish,
Q465421,Lygia Fagundes Telles,Lygia Fagundes Telles,Brazilian novelist and short-story writer (1918–2022),1918-04-19,1918,day,gregorian,2022-04-03,2022,day,gregorian,Q174,São Paulo,Q174,São Paulo,female,29,9817756,0000000079702734,,177148,https://en.wikipedia.org/wiki/Lygia_Fagundes_Telles,https://es.wikipedia.org/wiki/Lygia_Fagundes_Telles,"birth_place,birth_date",2026-09-30T15:47:19Z,Lygia Fagundes Telles,lawyer | novelist | short story writer | writer,Brazil,Brazilian Portuguese | Portuguese | Spanish,
Q512062,László Krasznahorkai,László Krasznahorkai,Hungarian novelist and screenwriter,1954-01-05,1954,day,gregorian,,,,,Q214938,Gyula,,,male,72,87286403,0000000109222820,OL565295A,,https://en.wikipedia.org/wiki/L%C3%A1szl%C3%B3_Krasznahorkai,https://es.wikipedia.org/wiki/L%C3%A1szl%C3%B3_Krasznahorkai,,2026-09-30T15:47:19Z,László Krasznahorkai,novelist | screenwriter | visiting docent | writer,Hungary,Hungarian,
Q450913,Lídia Jorge,Lídia Jorge,Portuguese writer,1946-06-18,1946,day,gregorian,,,,,Q891360,Boliqueime,,,female,18,84492779,0000000110303054,,1001034,https://en.wikipedia.org/wiki/L%C3%ADdia_Jorge,https://es.wikipedia.org/wiki/L%C3%ADdia_Jorge,,2026-09-30T15:47:19Z,Lídia Jorge,journalist | non-fiction writer | novelist | poet | writer,Portugal,Portuguese,
Q389454,Ma Jian,Ma Jian,Chinese-born British writer (1953-),1953-08-18,1953,day,gregorian,,,,,Q170322,Qingdao,,,male,20,115551843,0000000121484823,OL4707037A,53027,https://en.wikipedia.org/wiki/Ma_Jian_(writer),https://es.wikipedia.org/wiki/Ma_Jian,,2026-09-30T15:47:19Z,Ma Jian,painter | photographer | poet | writer,United Kingdom,Chinese | English,
Q311145,Machado de Assis,Machado de Assis,Brazilian writer (1839–1908),1839-06-21,1839,day,gregorian,1908-09-29,1908,day,gregorian,Q8678,Rio de Janeiro,Q8678,Rio de Janeiro,male,66,95151633,0000000121441225,OL93286A,22458,https://en.wikipedia.org/wiki/Machado_de_Assis,https://es.wikipedia.org/wiki/Machado_de_Assis,,2026-09-30T15:47:14Z,Machado de Assis,critic | editing staff | journalist | linguist | literary critic | non-fiction writer | novelist | playwright | poet | science fiction writer | translator | typographer | writer,Brazil,French | Portuguese,
Q207720,Mahmoud Darwish,Mahmud Darwish,"The national Palestinian poet, and author (1941–2008)",1941-03-13,1941,day,gregorian,2008-08-09,2008,day,gregorian,Q2914542,Al-Birwa,Q16555,Houston,male,75,113381455,0000000121481892,OL2758657A,17108664 | 75055,https://en.wikipedia.org/wiki/Mahmoud_Darwish,https://es.wikipedia.org/wiki/Mahmud_Darwish,,2026-09-30T15:46:57Z,Mahmoud Darwish,correspondent | librettist | panel discussion | poet | poet laureate | songwriter | translator | writer,Palestine,Arabic | Hebrew | Palestinian Arabic,
Q318429,Malcolm Gladwell,Malcolm Gladwell,Canadian journalist and science writer,1963-09-03,1963,day,gregorian,,,,,Q1017943,Fareham,,,male,41,25481798,0000000118876252,OL1398754A,1439,https://en.wikipedia.org/wiki/Malcolm_Gladwell,https://es.wikipedia.org/wiki/Malcolm_Gladwell,,2026-09-30T15:47:14Z,Malcolm Gladwell,journalist | podcaster | screenwriter | sociologist | writer,United Kingdom,English,
Q284560,Manuel Puig,Manuel Puig,Argentine writer (1932-1990),1932-12-28,1932,day,gregorian,1990-07-22,1990,day,gregorian,Q2442236,General Villegas,Q204245,Cuernavaca,male,38,29539492,0000000122778479,OL26284A,35548,https://en.wikipedia.org/wiki/Manuel_Puig,https://es.wikipedia.org/wiki/Manuel_Puig,,2026-09-30T15:47:14Z,Manuel Puig,activist | film screenwriter | filmmaker | novelist | playwright | prose writer | screenwriter | writer,Argentina,Spanish,Manuel Puig
Q2320966,Manuel Rivas,Manuel Rivas,Galician writer and journalist,1957-10-26,1957,day,gregorian,,,,,Q24199775,Monte Alto,,,male,24,41980047,0000000121298721,OL91235A,13099,https://en.wikipedia.org/wiki/Manuel_Rivas,https://es.wikipedia.org/wiki/Manuel_Rivas,,2026-09-30T15:46:57Z,Manuel Rivas,essayist | film director | journalist | poet | screenwriter | writer,Spain,Galician | Spanish,
Q316884,Manuel Vázquez Montalbán,Manuel Vázquez Montalbán,Spanish writer (1939-2003),1939-06-14,1939,day,gregorian,2003-10-18,2003,day,gregorian,Q1492,Barcelona,Q1861,Bangkok,male,37,95214151,0000000122831604 | 0000000368652307,OL6503876A | OL92011A,338876,https://en.wikipedia.org/wiki/Manuel_V%C3%A1zquez_Montalb%C3%A1n,https://es.wikipedia.org/wiki/Manuel_V%C3%A1zquez_Montalb%C3%A1n,,2026-09-30T15:47:14Z,Manuel Vázquez Montalbán,crime fiction writer | essayist | journalist | librettist | literary critic | novelist | opinion journalist | playwright | poet | politician | restaurateur | university teacher | writer,Spain,Catalan | Spanish,
Q7199,Marcel Proust,Marcel Proust,"French novelist, critic and essayist (1871–1922)",1871-07-10,1871,day,gregorian,1922-11-18,1922,day,gregorian,Q194420,16th arrondissement of Paris,Q194420,16th arrondissement of Paris,male,191,32001793,0000000121003911,OL120205A,233619,https://en.wikipedia.org/wiki/Marcel_Proust,https://es.wikipedia.org/wiki/Marcel_Proust,,2026-09-30T15:47:23Z,Marcel Proust,essayist | literary critic | novelist | poet | prose writer | writer,France,French,
Q1430,Marcus Aurelius,Marco Aurelio,16th Roman Emperor from 161 to 180 and Stoic philosopher,0121-04-26,121,day,julian,0180-03-17,180,day,julian,Q220,Rome,Q871525,Vindobona,male,176,102895066,000000011031946X,OL133986A | OL7706710A,17212,https://en.wikipedia.org/wiki/Marcus_Aurelius,https://es.wikipedia.org/wiki/Marco_Aurelio,,2026-09-30T15:46:53Z,Marcus Aurelius,emperor | monarch | philosopher | politician | writer,Ancient Rome,Ancient Greek | Latin,
Q183492,Margaret Atwood,Margaret Atwood,"Canadian poet, novelist, literary critic, essayist, teacher, environmental activist, pépiniériste and inventor (born 1939)",1939-11-18,1939,day,gregorian,,,,,Q1930,Ottawa,,,female,110,109322990,0000000123215491,OL52922A,3472,https://en.wikipedia.org/wiki/Margaret_Atwood,https://es.wikipedia.org/wiki/Margaret_Atwood,,2026-09-30T15:46:53Z,Margaret Atwood,environmentalist | essayist | inventor | literary critic | non-fiction writer | novelist | pedagogue | poet | science fiction writer | writer,Canada,Canadian French | English | French,
Q153248,Marguerite Duras,Marguerite Duras,French writer and film director (1914-1996),1914-04-04,1914,day,gregorian,1996-03-03,1996,day,gregorian,Q1854,Ho Chi Minh City,Q90,Paris,female,80,97785734,0000000121447168,OL45468A,163,https://en.wikipedia.org/wiki/Marguerite_Duras,https://es.wikipedia.org/wiki/Marguerite_Duras,"birth_place,death_place",2026-09-30T15:46:53Z,Marguerite Duras,autobiographer | director | film director | journalist | librettist | novelist | philosopher | playwright | screenwriter | women's rights activist | writer,France,French | Vietnamese,Marguerite Duras
Q5997426,Mariana Enriquez,Mariana Enriquez,"Argentine journalist, novelist, and short story writer",1973-12-06,1973,day,gregorian,,,,,Q1486,Buenos Aires,,,female,23,263117529,0000000106773547,OL318873A,4930107,https://en.wikipedia.org/wiki/Mariana_Enr%C3%ADquez,https://es.wikipedia.org/wiki/Mariana_Enriquez,,2026-09-30T15:47:23Z,Mariana Enríquez,author | communication scholar | journalist | novelist | prose writer | teacher | writer,Argentina,Spanish,
Q16285,Mario Benedetti,Mario Benedetti,"Uruguayan journalist, novelist, and poet (1920-2009)",1920-09-14,1920,day,gregorian,2009-05-17,2009,day,gregorian,Q664156,Paso de los Toros,Q1335,Montevideo,male,46,56585930 | 9532159248621504870004,0000000121339503 | 0000000368642168,OL60411A,30195,https://en.wikipedia.org/wiki/Mario_Benedetti,https://es.wikipedia.org/wiki/Mario_Benedetti,,2026-09-30T15:46:53Z,Mario Benedetti,journalist | novelist | playwright | poet | politician | short story writer | translator | writer,Uruguay,Spanish,Damocles | Mario Benedetti | Orlando Fino | Zampano
Q39803,Mario Vargas Llosa,Mario Vargas Llosa,"Peruvian, Spanish and Dominican novelist and writer (1936–2025)",1936-03-28,1936,day,gregorian,2025-04-13,2025,day,gregorian,Q159273,Arequipa,Q2868,Lima,male,131,32003942,000000012278019X,OL74490A,22515,https://en.wikipedia.org/wiki/Mario_Vargas_Llosa,https://es.wikipedia.org/wiki/Mario_Vargas_Llosa,,2026-09-30T15:47:19Z,Mario Vargas Llosa,broadcaster | dramaturge | essayist | film director | founder | journalist | literary critic | novelist | opinion journalist | philosopher | playwright | politician | prose writer | university teacher | writer,Dominican Republic | Peru | Spain,English | French | Spanish,
Q126633,Marjane Satrapi,Marjane Satrapi,"Iranian-French graphic novelist, cartoonist, illustrator, film director, and children's book author (1969–2026)",1969-09-21,1969,day,gregorian,2026-06-03,2026,day,gregorian,Q178373,Rasht,Q223140,3rd arrondissement of Paris,female,67,14941302,0000000114383127,OL1394320A,6238,https://en.wikipedia.org/wiki/Marjane_Satrapi,https://es.wikipedia.org/wiki/Marjane_Satrapi,,2026-09-30T15:46:53Z,Marjane Satrapi,comics creator | film director,France | Iran,English | French | German | Italian | Persian | Swedish,Marjane Satrapi
Q7245,Mark Twain,Mark Twain,American author and humorist (1835–1910),1835-11-30,1835,day,gregorian,1910-04-21,1910,day,gregorian,Q537803,Florida,Q2018185,Redding,male,252,16444837 | 305239133 | 50566653 | 53367783,0000000077209145 | 0000000107973778 | 0000000108000249 | 0000000108003124 | 0000000121324854 | 0000000368641704,OL18319A,1244,https://en.wikipedia.org/wiki/Mark_Twain,https://es.wikipedia.org/wiki/Mark_Twain,,2026-09-30T15:47:23Z,Mark Twain | Samuel Clemens,aphorist | autobiographer | children's writer | humorist | journalist | lecturer | maritime pilot | novelist | opinion journalist | printer | prose writer | science fiction writer | soldier | teacher | travel writer | writer,United States,English | German,J. W. Bothwell | Mark Twain | Quintus Curtius Snodgrass | Sieur Louis de Conte | Thomas Jefferson Snodgrass
Q310176,Martin Amis,Martin Amis,British novelist (1949–2023),1949-08-25,1949,day,gregorian,2023-05-19,2023,day,gregorian,Q34217,Oxford,Q984358,Lake Worth Beach,male,59,36913662,0000000121280011,OL4728950A,11337,https://en.wikipedia.org/wiki/Martin_Amis,https://es.wikipedia.org/wiki/Martin_Amis,,2026-09-30T15:47:14Z,Martin Amis,essayist | film screenwriter | journalist | literary critic | memoirist | novelist | satirical novelist | science fiction writer | screenwriter | short story writer | university teacher | writer,United Kingdom,English | Spanish,
Q458403,Mary Beard,Mary Beard,English classicist (born 1955),1955-01-01,1955,day,gregorian,,,,,Q201114,Much Wenlock,,,female,38,85237799,0000000109212630,OL39017A,97783,https://en.wikipedia.org/wiki/Mary_Beard,https://es.wikipedia.org/wiki/Mary_Beard,,2026-09-30T15:47:19Z,Mary Beard,classical philologist | historian | historian of religion | television presenter | university teacher,United Kingdom,English,
Q235354,Mary Renault,Mary Renault,English novelist (1905–1983),1905-09-04,1905,day,gregorian,1983-12-13,1983,day,gregorian,Q84,London,Q5465,Cape Town,female,31,46771767 | 4789153063171619320008,0000000108955520 | 000000036855204X,OL710654A,38185,https://en.wikipedia.org/wiki/Mary_Renault,https://es.wikipedia.org/wiki/Mary_Renault,,2026-09-30T15:46:57Z,Mary Renault,biographer | novelist | nurse | writer,South Africa | United Kingdom,English,
Q47152,Mary Shelley,Mary Shelley,English writer (1797–1851),1797-08-30,1797,day,gregorian,1851-02-01,1851,day,gregorian,Q149573,Somers Town,Q170478,Bournemouth,female,133,6293,0000000120981238,OL25342A,11139,https://en.wikipedia.org/wiki/Mary_Shelley,https://es.wikipedia.org/wiki/Mary_Shelley,death_place,2026-09-30T15:47:19Z,Mary Shelley,German–English translator | biographer | essayist | novelist | playwright | poet | science fiction writer | short story writer | translator | travel writer | writer,Kingdom of Great Britain | United Kingdom | United Kingdom of Great Britain and Ireland,English,
Q101638,Mary Wollstonecraft,Mary Wollstonecraft,English writer and intellectual (1759–1797),1759-04-27,1759,day,gregorian,1797-09-10,1797,day,gregorian,Q84,London,Q84,London,female,129,51697482,0000000110266396,OL73405A,1853305,https://en.wikipedia.org/wiki/Mary_Wollstonecraft,https://es.wikipedia.org/wiki/Mary_Wollstonecraft,"birth_place,death_place",2026-09-30T15:46:53Z,Mary Wollstonecraft,children's writer | essayist | feminist | governess | historian | novelist | philosopher | proprietor | translator | travel writer | writer,Kingdom of Great Britain,English | French | German,Mr. Cresswick
Q314771,Maurice Sendak,Maurice Sendak,American illustrator and writer of children's books (1928-2012),1928-06-10,1928,day,gregorian,2012-05-08,2012,day,gregorian,Q18419,Brooklyn,Q5214961,Danbury Hospital,male,51,96213928,0000000121032317,OL366346A,4489,https://en.wikipedia.org/wiki/Maurice_Sendak,https://es.wikipedia.org/wiki/Maurice_Sendak,,2026-09-30T15:47:14Z,Maurice Sendak,artist | cartoonist | children's writer | director | graphic artist | graphic designer | illustrator | painter | picture book writer | screenwriter | stage painter | writer,United States,English,
Q356546,Max Aub,Max Aub,Spanish writer (1903–1972),1903-06-02,1903,day,gregorian,1972-07-22,1972,day,gregorian,Q275118,9th arrondissement of Paris,Q1489,Mexico City,male,25,9842306,0000000121200667 | 0000000368637385,OL121699A,38721,https://en.wikipedia.org/wiki/Max_Aub,https://es.wikipedia.org/wiki/Max_Aub,,2026-09-30T15:47:14Z,Max Aub,artist | literary critic | novelist | painter | playwright | poet | screenwriter | short story writer | translator | university teacher | writer,France | Germany | Mexico | Spain,Catalan | French | German | Spanish,
Q19330,Maxine Hong Kingston,Maxine Hong Kingston,Chinese American author,1940-10-27,1940,day,gregorian,,,,,Q49240,Stockton,,,female,23,108862703,0000000121471600,OL218453A,17290,https://en.wikipedia.org/wiki/Maxine_Hong_Kingston,https://es.wikipedia.org/wiki/Maxine_Hong_Kingston,,2026-09-30T15:46:57Z,Maxine Hong Kingston,novelist | professor | writer,United States,American English | English,
Q19526,Maya Angelou,Maya Angelou,"American poet, author, and civil rights activist (1928–2014)",1928-04-04,1928,day,gregorian,2014-05-28,2014,day,gregorian,Q38022,St. Louis,Q49227,Winston-Salem,female,145,7386077,0000000121191991 | 000000036863706X,OL28885A,3503,https://en.wikipedia.org/wiki/Maya_Angelou,https://es.wikipedia.org/wiki/Maya_Angelou,,2026-09-30T15:46:57Z,Maya Angelou,autobiographer | dancer | essayist | film director | film producer | human rights defender | journalist | novelist | playwright | politician | professor | screenwriter | singer | songwriter | stage actor | television actor | television producer | writer,United States,English,
Q265855,Meir Shalev,Meir Shalev,Israeli writer (1948–2023),1948-07-29,1948,day,gregorian,2023-04-11,2023,day,gregorian,Q1724338,Nahalal,Q2839248,Alonei Abba,male,28,79067211,0000000118043613,OL227047A,104544,https://en.wikipedia.org/wiki/Meir_Shalev,https://es.wikipedia.org/wiki/Meir_Shalev,,2026-09-30T15:46:57Z,Meir Shalev,children's writer | journalist | opinion journalist | psychologist | television presenter | writer,Israel,Hebrew,
Q234663,Mercè Rodoreda,Mercè Rodoreda,Spanish writer (1908-1983),1908-10-10,1908,day,gregorian,1983-04-13,1983,day,gregorian,Q1492,Barcelona,Q7038,Girona,female,60,100258547,0000000121452645,OL66969A,42927,https://en.wikipedia.org/wiki/Merc%C3%A8_Rodoreda,https://es.wikipedia.org/wiki/Merc%C3%A8_Rodoreda,,2026-09-30T15:46:57Z,Mercè Rodoreda,Esperantist | novelist | painter | poet | short story writer | writer,Spain,Catalan | Esperanto | Spanish,
Q382101,Mia Couto,Mia Couto,Mozambican writer,1955-07-05,1955,day,gregorian,,,,,Q211563,Beira,,,male,36,51713331,0000000120961157,OL85528A,49680,https://en.wikipedia.org/wiki/Mia_Couto,https://es.wikipedia.org/wiki/Mia_Couto,,2026-09-30T15:47:19Z,Mia Couto,author | biologist | children's writer | editor-in-chief | journalist | novelist | poet | writer,Mozambique,European Portuguese,
Q76498,Michael Ende,Michael Ende,German writer (1929–1995),1929-11-12,1929,day,gregorian,1995-08-28,1995,day,gregorian,Q127043,Garmisch-Partenkirchen,Q7032,Filderstadt,male,73,34456245,0000000081129551,OL296646A,15619,https://en.wikipedia.org/wiki/Michael_Ende,https://es.wikipedia.org/wiki/Michael_Ende,death_place,2026-09-30T15:47:23Z,Michael Ende,Liedermacher | actor | children's writer | director | fantasy author | librettist | musician | poet | science fiction writer | screenwriter | short story writer | writer,Germany,German,
Q313593,Michael Ondaatje,Michael Ondaatje,Canadian novelist and poet (born 1943),1943-09-12,1943,day,gregorian,,,,,Q35381,Colombo,,,male,51,111941870,0000000121479805,OL34337A,4030,https://en.wikipedia.org/wiki/Michael_Ondaatje,https://es.wikipedia.org/wiki/Michael_Ondaatje,,2026-09-30T15:47:14Z,Michael Ondaatje,author | film actor | film director | film editor | film screenwriter | novelist | pedagogue | poet | screenwriter | teacher | university teacher | voice actor | writer,Canada,English,
Q44272,Michel Foucault,Michel Foucault,French philosopher (1926–1984),1926-10-15,1926,day,gregorian,1984-06-25,1984,day,gregorian,Q6616,Poitiers,Q175129,13th arrondissement of Paris,male,128,104722665,000000012146278X,OL4346031A,1260,https://en.wikipedia.org/wiki/Michel_Foucault,https://es.wikipedia.org/wiki/Michel_Foucault,,2026-09-30T15:47:19Z,Michel Foucault,philosopher,France,French | German,
Q103114,Michel Houellebecq,Michel Houellebecq,French writer,1956-02-26,1956,day,gregorian,,,,,Q249884,Saint-Pierre,,,male,83,66522427,000000012137320X,OL300477A,32878,https://en.wikipedia.org/wiki/Michel_Houellebecq,https://es.wikipedia.org/wiki/Michel_Houellebecq,,2026-09-30T15:46:53Z,Michel Houellebecq,actor | agricultural engineer | essayist | film director | film screenwriter | novelist | photographer | poet | screenwriter | songwriter | writer,France,French,Michel Houellebecq
Q455930,Mieko Kawakami,Mieko Kawakami,Japanese novelist and singer,1976-08-29,1976,day,gregorian,,,,,Q35765,Osaka,,,female,30,119665451,0000000083357013,OL6587711A,5559451,https://en.wikipedia.org/wiki/Mieko_Kawakami,https://es.wikipedia.org/wiki/Mieko_Kawakami,birth_place,2026-09-30T15:47:19Z,Mieko Kawakami,blogger | novelist | poet | singer | writer,Japan,Japanese,
Q157326,Miguel Delibes,Miguel Delibes,Spanish writer (1920–2010),1920-10-17,1920,day,gregorian,2010-03-12,2010,day,gregorian,Q8356,Valladolid,Q8356,Valladolid,male,42,100256465,0000000121452581,OL136299A,3325,https://en.wikipedia.org/wiki/Miguel_Delibes,https://es.wikipedia.org/wiki/Miguel_Delibes,,2026-09-30T15:46:53Z,Miguel Delibes,docent | journalist | lawyer | novelist | poet | writer,Spain,Spanish,Max
Q1768256,Miguel Syjuco,Miguel Syjuco,Filipino writer,1976-11-17,1976,day,gregorian,,,,,Q13580,Metro Manila,,,male,7,101404533,0000000107870664,OL6748233A,,https://en.wikipedia.org/wiki/Miguel_Syjuco,https://es.wikipedia.org/wiki/Miguel_Syjuco,,2026-09-30T15:46:53Z,Miguel Syjuco,writer,Philippines,,
Q5682,Miguel de Cervantes,Miguel de Cervantes,"Spanish novelist, poet, and playwright (1547-1616)",1547-09-29,1547,day,julian,1616-04-22,1616,day,gregorian,Q46940,Alcalá de Henares,Q2807,Madrid,male,249,17220427,0000000121221919,OL66452A,,https://en.wikipedia.org/wiki/Miguel_de_Cervantes,https://es.wikipedia.org/wiki/Miguel_de_Cervantes,,2026-09-30T15:47:19Z,Miguel de Cervantes,Kammerdiener | accountant | lyricist | novelist | playwright | poet | seaman | soldier | tax collector | writer,Crown of Castile,Early Modern Spanish,
Q193111,Mika Waltari,Mika Waltari,Finnish writer (1908–1979),1908-09-19,1908,day,gregorian,1979-08-26,1979,day,gregorian,Q1757,Helsinki,Q1757,Helsinki,male,61,111008219,0000000121477949,OL2688714A,33472,https://en.wikipedia.org/wiki/Mika_Waltari,https://es.wikipedia.org/wiki/Mika_Waltari,,2026-09-30T15:46:57Z,Mika Waltari,journalist | novelist | playwright | poet | screenwriter | translator | writer,Finland | Grand Duchy of Finland,Finnish | Swedish,Kristian Korppi | Leo Arne | Leo Rainio | M. Ritvala | Nauticus
Q93166,Milan Kundera,Milan Kundera,Franco-Czechoslovak poet and novelist (1929—2023),1929-04-01,1929,day,gregorian,2023-07-11,2023,day,gregorian,Q599929,Královo Pole,Q259463,7th arrondissement of Paris,male,115,51691735,0000000121326438,OL20887A,6343,https://en.wikipedia.org/wiki/Milan_Kundera,https://es.wikipedia.org/wiki/Milan_Kundera,,2026-09-30T15:47:23Z,Milan Kundera,dramaturge | essayist | novelist | poet | prose writer | satirical novelist | screenwriter | short story writer | translator | university teacher | writer,Czech Republic | Czechoslovakia | France | statelessness,Czech | French,
Q442931,Mircea Cărtărescu,Mircea Cărtărescu,Romanian writer,1956-06-01,1956,day,gregorian,,,,,Q19660,Bucharest,,,male,34,32054974,000000010884939X,OL2832587A | OL5230562A,26093,https://en.wikipedia.org/wiki/Mircea_C%C4%83rt%C4%83rescu,https://es.wikipedia.org/wiki/Mircea_C%C4%83rt%C4%83rescu,,2026-09-30T15:47:19Z,Mircea Cărtărescu,journalist | literary critic | literary scholar | poet | prose writer | science fiction writer | university teacher | writer,Romania,Dutch | French | Romanian,
Q8998,Mo Yan,Mo Yan,Chinese novelist and screenwriter,1955-02-17,1955,day,gregorian,,,,,Q651101,Gaomi,,,male,109,86448126,0000000121423932 | 0000000368645131 | 000000036864514X,OL2645259A,121407,https://en.wikipedia.org/wiki/Mo_Yan,https://es.wikipedia.org/wiki/Mo_Yan,,2026-09-30T15:47:23Z,Mo Yan,novelist | screenwriter | teacher | writer,People's Republic of China,Chinese,Mo Yan
Q3243146,Mohsin Hamid,Mohsin Hamid,Pakistani novelist,1971-07-23,1971,day,gregorian,,,,,Q11739,Lahore,,,male,27,12483166,0000000114380153,OL30582A,16902,https://en.wikipedia.org/wiki/Mohsin_Hamid,https://es.wikipedia.org/wiki/Mohsin_Hamid,,2026-09-30T15:47:14Z,Mohsin Hamid,novelist | writer,Pakistan | United Kingdom,English | Urdu,
Q687,Molière,Molière,French playwright and actor (1622–1673),1622-01-15,1622,day,gregorian,1673-02-17,1673,day,gregorian,Q90,Paris,Q90,Paris,male,226,2474502,0000000123197131,OL6899222A,29837,https://en.wikipedia.org/wiki/Moli%C3%A8re,https://es.wikipedia.org/wiki/Moli%C3%A8re,,2026-09-30T15:47:23Z,Molière,Theaterintendant | actor | dramaturge | playwright | poet | satirist | stage actor | theatre director | theatre manager | writer,Kingdom of France,French,Molière
Q732434,Mulk Raj Anand,Mulk Raj Anand,Indian English writer (1905–2004),1905-12-12,1905,day,gregorian,2004-09-28,2004,day,gregorian,Q1113311,Peshawar,Q1538,Pune,male,42,109309949,0000000109329433,OL8160A,90,https://en.wikipedia.org/wiki/Mulk_Raj_Anand,,,2026-09-30T15:47:23Z,Mulk Raj Anand,art critic | journalist | non-fiction writer | novelist | translator | writer,British Raj | Dominion of India | India,English,
Q81731,Murasaki Shikibu,Murasaki Shikibu,Japanese novelist and poet (c.973–c.1014),0970,970,decade,julian,1100,1100,century,julian,Q751907,Heian-kyō,Q751907,Heian-kyō,female,161,95154208,0000000121441276,OL365212A,4739,https://en.wikipedia.org/wiki/Murasaki_Shikibu,https://es.wikipedia.org/wiki/Murasaki_Shikibu,,2026-09-30T15:47:23Z,Murasaki Shikibu,diarist | film screenwriter | lady-in-waiting | novelist | philosopher | poet | writer,Japan,Japanese,
Q1963189,Nadeem Aslam,Nadeem Aslam,British writer,1966,1966,year,gregorian,,,,,Q243322,Gujranwala,,,male,19,32247620,000000010885544X,,,https://en.wikipedia.org/wiki/Nadeem_Aslam,https://es.wikipedia.org/wiki/Nadeem_Aslam,,2026-09-30T15:46:57Z,Nadeem Aslam,writer,United Kingdom,English | Urdu,
Q47619,Nadine Gordimer,Nadine Gordimer,South African writer (1923–2014),1923-11-20,1923,day,gregorian,2014-07-13,2014,day,gregorian,Q761408,Springs,Q34647,Johannesburg,female,125,86692340,0000000123861354,OL20580A,55397,https://en.wikipedia.org/wiki/Nadine_Gordimer,https://es.wikipedia.org/wiki/Nadine_Gordimer,,2026-09-30T15:47:19Z,Nadine Gordimer,novelist | playwright | poet | prose writer | scientific editor | short story writer | writer,South Africa,English,
Q7176,Naguib Mahfouz,Naguib Mahfuz,Egyptian writer (1911–2006),1911-12-11,1911,day,gregorian,2006-08-30,2006,day,gregorian,Q12185628,Al-Jamāliyah,Q4120192,Agouza,male,171,89803944,0000000068755806,OL173760A,4273240 | 5835922,https://en.wikipedia.org/wiki/Naguib_Mahfouz,https://es.wikipedia.org/wiki/Naguib_Mahfuz,,2026-09-30T15:47:23Z,Naguib Mahfouz,author | autobiographer | editing staff | film screenwriter | intellectual | journalist | novelist | playwright | screenwriter | short story writer | translator | writer,Egypt | Khedivate of Egypt | Kingdom of Egypt | Republic of Egypt | Sultanate of Egypt | United Arab Republic,Arabic | Egyptian Arabic,
Q333521,Nassim Nicholas Taleb,Nassim Taleb,"Lebanese-American mathematical statistician, option trader, risk analyst and author (born 1960)",1960-09-12,1960,day,gregorian,,,,,Q25922,Amioun,,,male,54,20606459,0000000078260110,OL538956A,21559,https://en.wikipedia.org/wiki/Nassim_Nicholas_Taleb,https://es.wikipedia.org/wiki/Nassim_Taleb,,2026-09-30T15:47:14Z,Nassim Nicholas Taleb,economist | essayist | mathematician | philosopher | statistician | stockbroker | university teacher | writer,Lebanon | United States,Arabic | English | French | Greek | Italian | Levantine Arabic | Spanish,
Q275985,Natalia Ginzburg,Natalia Ginzburg,Italian writer (1916–1991),1916-07-14,1916,day,gregorian,1991-10-07,1991,day,gregorian,Q2656,Palermo,Q220,Rome,female,52,76316259,0000000121400271 | 000000036864442X | 0000000368644438,OL152441A,21582,https://en.wikipedia.org/wiki/Natalia_Ginzburg,https://es.wikipedia.org/wiki/Natalia_Ginzburg,,2026-09-30T15:47:14Z,Natalia Ginzburg,author | playwright | poet | politician | preface author | translator | writer,Italy | Kingdom of Italy,French | Italian,Alessandra Tornimparte
Q69339,Nathaniel Hawthorne,Nathaniel Hawthorne,American author (1804–1864),1804-07-04,1804,day,gregorian,1864-05-19,1864,day,gregorian,Q54140,Salem,Q2076221,Plymouth,male,117,44435463,0000000121304861,OL26681A,7799,https://en.wikipedia.org/wiki/Nathaniel_Hawthorne,https://es.wikipedia.org/wiki/Nathaniel_Hawthorne,,2026-09-30T15:47:23Z,Nathaniel Hawthorne,children's writer | consul | diplomat | novelist | science fiction writer | short story writer | writer,United States,English,Monsieur de l’Aubépine
Q180903,Natsume Sōseki,Natsume Sōseki,Japanese novelist,1867-02-09,1867,day,gregorian,1916-12-09,1916,day,gregorian,Q11419038,Kikuichō,Q11511481,Waseda-Minamichō,male,71,56614190 | 5911153063174519320006,0000000121340184 | 0000000368642205,OL2688998A | OL8597419A | OL8728265A,16061597,https://en.wikipedia.org/wiki/Natsume_S%C5%8Dseki,https://es.wikipedia.org/wiki/Natsume_S%C5%8Dseki,,2026-09-30T15:46:53Z,Natsume Soseki,narrator | novelist | poet | satirical novelist | university teacher | writer,Japan,Japanese,
Q238514,Nawal El Saadawi,Nawal El Saadawi,Egyptian feminist writer (1931–2021),1931-10-27,1931,day,gregorian,2021-03-21,2021,day,gregorian,Q12235476,Kafr Tahla,Q12206266,,female,72,84254254,0000000120296695,OL2758789A,1230053 | 68481,https://en.wikipedia.org/wiki/Nawal_El_Saadawi,https://es.wikipedia.org/wiki/Nawal_El_Saadawi,,2026-09-30T15:46:57Z,Nawal El Saadawi,feminist | gynecologist | midwife | novelist | physician | physician writer | politician | psychiatrist | writer,Egypt | Republic of Egypt | United Arab Republic,Arabic | English,
Q210059,Neil Gaiman,Neil Gaiman,English writer (born 1960),1960-11-10,1960,day,gregorian,,,,,Q1238552,Portchester,,,male,82,103859257,000000012146227X,OL53305A,1221698,https://en.wikipedia.org/wiki/Neil_Gaiman,https://es.wikipedia.org/wiki/Neil_Gaiman,,2026-09-30T15:46:57Z,Neil Gaiman,actor | beekeeper | blogger | comics writer | film director | film producer | journalist | novelist | poet | science fiction writer | screenwriter | television writer | writer,United Kingdom,English,
Q313322,Nguyễn Du,Du Nguyễn,Vietnamese poet (1765-1820),1766-01-03,1766,day,gregorian,1820-08-10,1820,day,gregorian,Q33351,Hà Tĩnh,Q36167,Huế,male,37,100223098 | 3995158915868850000009,0000000116917196,OL84919A,,https://en.wikipedia.org/wiki/Nguy%E1%BB%85n_Du,https://es.wikipedia.org/wiki/Nguy%E1%BB%85n_Du,,2026-09-30T15:47:14Z,Nguyễn Du,poet | writer,Dai Viet | Vietnam,Chinese | Vietnamese,
Q111472131,Nguyễn Phan Quế Mai,Nguyễn Phan Quế Mai,Vietnamese poet and author,1973-08-12,1973,day,gregorian,,,,,Q36900,Ninh Bình,,,female,9,250855929,0000000371328786,OL7993510A,5046174,https://en.wikipedia.org/wiki/Nguy%E1%BB%85n_Phan_Qu%E1%BA%BF_Mai,https://es.wikipedia.org/wiki/Nguy%E1%BB%85n_Phan_Qu%E1%BA%BF_Mai,,2026-09-30T15:46:53Z,Nguyễn Phan Quế Mai,poet | translator | woman of letters | writer,Vietnam,English | Vietnamese,
Q302910,Ngũgĩ wa Thiong'o,Ngũgĩ wa Thiong'o,Kenyan writer (1938–2025),1938-01-05,1938,day,gregorian,2025-05-28,2025,day,gregorian,Q6358478,Kamirithu,Q1002205,Buford,male,84,104717886,0000000109301051,OL2657540A,51936,https://en.wikipedia.org/wiki/Ng%C5%A9g%C4%A9_wa_Thiong%27o,https://es.wikipedia.org/wiki/Ng%C5%A9g%C4%A9_wa_Thiong%27o,,2026-09-30T15:47:14Z,Ngũgĩ wa Thiong'o,essayist | novelist | philosopher | playwright | university teacher | writer,Kenya,English | Gikuyu | Swahili,
Q360832,Nicanor Parra,Nicanor Parra,"Chilean writer, poet, mathematician, and physicist (1914-2018)",1914-09-05,1914,day,gregorian,2018-01-23,2018,day,gregorian,Q187795,San Fabián,Q14466,La Reina,male,49,19710563,0000000116037906,OL199135A,128195,https://en.wikipedia.org/wiki/Nicanor_Parra,https://es.wikipedia.org/wiki/Nicanor_Parra,,2026-09-30T15:47:14Z,Nicanor Parra,academic | mathematician | physicist | poet | writer,Chile,Spanish,
Q1399,Niccolò Machiavelli,Nicolás Maquiavelo,"Florentine statesman, diplomat, and political theorist (1469–1527)",1469-05-03,1469,day,julian,1527-06-21,1527,day,julian,Q2044,Florence,Q2044,Florence,male,228,95151646,0000000121441233,OL23135A,16201,https://en.wikipedia.org/wiki/Niccol%C3%B2_Machiavelli,https://es.wikipedia.org/wiki/Nicol%C3%A1s_Maquiavelo,death_place,2026-09-30T15:46:53Z,Niccolò Machiavelli,diplomat | historian | military theorist | philosopher | playwright | poet | political scientist | political theorist | politician | translator | writer,Republic of Florence,Italian | Tuscan,
Q1977234,Nick Joaquin,Nick Joaquín,Filipino writer (1917–2004),1917-05-04,1917,day,gregorian,2004-04-29,2004,day,gregorian,Q1461,Manila,Q749283,San Juan,male,14,109379457,0000000084066795,OL6826A,,https://en.wikipedia.org/wiki/Nick_Joaquin,https://es.wikipedia.org/wiki/Nick_Joaqu%C3%ADn,,2026-09-30T15:46:57Z,Nick Joaquin,journalist | poet | writer,Philippines,English | Spanish | Tagalog,Quijano De Manila | Quijano de Manila
Q214622,Nikos Kazantzakis,Nikos Kazantzakis,"Greek writer, poet and philosopher (1883-1957)",1883-02-18,1883,day,julian,1957-10-26,1957,day,gregorian,Q160544,Heraklion,Q2833,Freiburg im Breisgau,male,88,14771803,000000012276806X,OL29174A,5668,https://en.wikipedia.org/wiki/Nikos_Kazantzakis,https://es.wikipedia.org/wiki/Nikos_Kazantzakis,,2026-09-30T15:46:57Z,Nikos Kazantzakis,children's writer | correspondent | dramaturge | journalist | lexicographer | novelist | philosopher | playwright | poet | politician | prose writer | screenwriter | translator | travel writer | writer,Greece,Ancient Greek | English | French | German | Italian | Latin | Modern Greek | Russian | Spanish,
Q9049,Noam Chomsky,Noam Chomsky,American linguist and activist (born 1928),1928-12-07,1928,day,gregorian,,,,,Q1345,Philadelphia,,,male,188,89803084,0000000121430999,OL31676A,2476,https://en.wikipedia.org/wiki/Noam_Chomsky,https://es.wikipedia.org/wiki/Noam_Chomsky,birth_place,2026-09-30T15:47:23Z,Noam Chomsky,anthropologist | computer scientist | educator | historian | human rights defender | linguist | media critic | opinion journalist | philologist | philosopher | political writer | psychologist | university teacher | writer,United States,American English | English | Hebrew,
Q184906,Nâzım Hikmet,Nazım Hikmet,"Turkish communist poet, playwright and novelist (1902–1963)",1902-01-15,1902,day,gregorian,1963-06-03,1963,day,gregorian,Q17151,Thessaloniki,Q649,Moscow,male,80,95267715,0000000081679529,OL176448A,,https://en.wikipedia.org/wiki/N%C3%A2z%C4%B1m_Hikmet,https://es.wikipedia.org/wiki/N%C3%A2z%C4%B1m_Hikmet,birth_date,2026-09-30T15:46:53Z,Nâzım Hikmet,film director | film screenwriter | librettist | playwright | poet | prose writer | screenwriter | writer,Ottoman Empire | Poland | Turkey,Arabic | Ottoman Turkish | Persian | Russian | Turkish,Orhan Selim
Q18355929,Ocean Vuong,Ocean Vuong,"Vietnamese American poet, essayist and novelist (born 1988)",1988-10-14,1988,day,gregorian,,,,,Q1854,Ho Chi Minh City,,,male,23,17145003693061340818,0000000453013913,OL7607606A,4456871,https://en.wikipedia.org/wiki/Ocean_Vuong,https://es.wikipedia.org/wiki/Ocean_Vuong,,2026-09-30T15:46:53Z,Ocean Vuong,essayist | poet | university teacher | writer,United States,English | Vietnamese,
Q239739,Octavia E. Butler,Octavia E. Butler,American science fiction writer (1947-2006),1947-06-22,1947,day,gregorian,2006-02-24,2006,day,gregorian,Q485176,Pasadena,Q1514977,Lake Forest Park,female,51,34453955,0000000121272003,OL30802A,29535,https://en.wikipedia.org/wiki/Octavia_E._Butler,https://es.wikipedia.org/wiki/Octavia_Estelle_Butler,,2026-09-30T15:46:57Z,Octavia E. Butler,novelist | science fiction writer | writer,United States,English,
Q46739,Octavio Paz,Octavio Paz,"Mexican writer, poet an diplomat (1914–1998)",1914-03-31,1914,day,gregorian,1998-04-19,1998,day,gregorian,Q1489,Mexico City,Q1489,Mexico City,male,121,41844743,0000000121296435,OL60534A,7469,https://en.wikipedia.org/wiki/Octavio_Paz,https://es.wikipedia.org/wiki/Octavio_Paz,,2026-09-30T15:47:19Z,Octavio Paz,diplomat | essayist | librettist | literary critic | lyricist | philosopher | poet | politician | translator | university teacher | writer,Mexico | Second Spanish Republic,Spanish,
Q254032,Olga Tokarczuk,Olga Tokarczuk,Polish writer and activist (born 1962),1962-01-29,1962,day,gregorian,,,,,Q457865,Sulechów,,,female,101,49338782,000000011556806X,OL258989A,296560,https://en.wikipedia.org/wiki/Olga_Tokarczuk,https://es.wikipedia.org/wiki/Olga_Tokarczuk,,2026-09-30T15:46:57Z,Olga Tokarczuk,donor | essayist | librettist | novelist | poet | psychologist | publisher | screenwriter | writer,Poland,Polish,Natasza Borodin
Q258662,Oliver Sacks,Oliver Sacks,British neurologist and writer (1933–2015),1933-07-09,1933,day,gregorian,2015-08-30,2015,day,gregorian,Q146702,Willesden,Q205380,Greenwich Village,male,57,54167025,0000000081324605,OL217344A,843200,https://en.wikipedia.org/wiki/Oliver_Sacks,https://es.wikipedia.org/wiki/Oliver_Sacks,,2026-09-30T15:46:57Z,Oliver Sacks,chemist | neurologist | physician | physician writer | science communicator | screenwriter | university teacher | writer,United Kingdom,English,
Q35900,Omar Khayyám,Omar Jayam,Persian mathematician and poet (1048–1131),1048-05-18,1048,day,julian,1131-12-04,1131,day,julian,Q131350,Nishapur,Q131350,Nishapur,male,168,100210377,0000000123000888,OL92800A,,https://en.wikipedia.org/wiki/Omar_Khayyam,https://es.wikipedia.org/wiki/Omar_Jayam,birth_place,2026-09-30T15:47:14Z,Omar Khayyam,astrologer | astronomer | lyricist | mathematician | musician | philosopher | physicist | poet | writer,Seljuk Empire,Persian,خیام
Q241248,Orhan Pamuk,Orhan Pamuk,"Turkish novelist, academic and Nobel laureate (born 1952)",1952-06-07,1952,day,gregorian,,,,,Q406,Istanbul,,,male,137,107501225,0000000120323809,OL96984A,1728,https://en.wikipedia.org/wiki/Orhan_Pamuk,https://es.wikipedia.org/wiki/Orhan_Pamuk,,2026-09-30T15:46:57Z,Orhan Pamuk,academic | essayist | journalist | novelist | screenwriter | writer,Turkey,Turkish,
Q317685,Osamu Dazai,Osamu Dazai,Japanese author,1909-06-19,1909,day,gregorian,1948-06-13,1948,day,gregorian,Q6360296,Kanagi,Q242885,Mitaka,male,65,4940744,000000012118533X,OL6976604A,113561,https://en.wikipedia.org/wiki/Osamu_Dazai,https://es.wikipedia.org/wiki/Osamu_Dazai,,2026-09-30T15:47:14Z,Osamu Dazai,novelist | short story writer | writer,Japan,Japanese,辻島 衆二 | 黒木 舜平
Q30875,Oscar Wilde,Oscar Wilde,"Irish poet, playwright, and aesthete (1854-1900)",1854-10-16,1854,day,gregorian,1900-11-30,1900,day,gregorian,Q1761,Dublin,Q245546,6th arrondissement of Paris,male,223,34464414,0000000121272652 | 0000000368639911 | 000000036863992X | 0000000368639938,OL20646A,3565,https://en.wikipedia.org/wiki/Oscar_Wilde,https://es.wikipedia.org/wiki/Oscar_Wilde,,2026-09-30T15:47:14Z,Oscar Wilde,author | children's writer | essayist | fabulist | librettist | novelist | opinion journalist | playwright | poet | prose writer | screenwriter | short story writer | writer,France | Ireland | United Kingdom | United Kingdom of Great Britain and Ireland,Ancient Greek | English | French | German | Latin,Sebastian Melmoth | С.3.3.
Q7198,Ovid,Ovidio,Roman poet (43 BC – 17/18 AD),-0043-03-20,-43,day,julian,0017,17,year,julian,Q50157,Sulmona,Q2441154,Tomis,male,201,2215174328014601590008 | 291213567 | 88342447 | 8925153063181819320003,0000000121427757,OL18770A,,https://en.wikipedia.org/wiki/Ovid,https://es.wikipedia.org/wiki/Ovidio,,2026-09-30T15:47:23Z,Ovid,poet,Ancient Rome,Latin,
Q34189,Pablo Neruda,Pablo Neruda,Chilean poet and politician (1904-1973),1904-07-12,1904,day,gregorian,1973-09-23,1973,day,gregorian,Q51083,Parral,Q2887,Santiago,male,167,95126958,0000000121440986,OL89930A,4026,https://en.wikipedia.org/wiki/Pablo_Neruda,https://es.wikipedia.org/wiki/Pablo_Neruda,,2026-09-30T15:47:14Z,Pablo Neruda,ambassador | autobiographer | consul | diplomat | librettist | lyricist | poet | politician | writer,Chile,French | Spanish,Pablo Neruda
Q222944,Patrick Modiano,Patrick Modiano,French writer,1945-07-30,1945,day,gregorian,,,,,Q172455,Boulogne-Billancourt,,,male,101,7394541,0000000120988931,OL60496A,112052,https://en.wikipedia.org/wiki/Patrick_Modiano,https://es.wikipedia.org/wiki/Patrick_Modiano,,2026-09-30T15:46:57Z,Patrick Modiano,essayist | lyricist | playwright | screenwriter | writer,France,French,
Q12881,Paulo Coelho,Paulo Coelho,Brazilian lyricist and novelist (born 1947),1947-08-24,1947,day,gregorian,,,,,Q8678,Rio de Janeiro,,,male,133,52700,0000000120981529,OL66700A,566,https://en.wikipedia.org/wiki/Paulo_Coelho,https://es.wikipedia.org/wiki/Paulo_Coelho,,2026-09-30T15:46:53Z,Paulo Coelho,composer | journalist | lyricist | novelist | poet lawyer | science fiction writer | songwriter | writer,Brazil,Portuguese,
Q170800,Pedro Calderón de la Barca,Pedro Calderón de la Barca,Spanish dramatist (1600-1681),1600-01-17,1600,day,gregorian,1681-05-25,1681,day,gregorian,Q2807,Madrid,Q2807,Madrid,male,107,73850932,0000000122818039,OL4280652A,227771,https://en.wikipedia.org/wiki/Pedro_Calder%C3%B3n_de_la_Barca,https://es.wikipedia.org/wiki/Pedro_Calder%C3%B3n_de_la_Barca,,2026-09-30T15:46:53Z,Calderón de la Barca,Catholic priest | cleric | librettist | military personnel | playwright | poet | writer,Spain,Spanish,
Q736858,Pepetela,Pepetela,Angolan writer,1941-10-19,1941,day,gregorian,,,,,Q214248,Benguela,,,male,23,95234524,0000000110784185 | 0000000368581668,OL272472A,,https://en.wikipedia.org/wiki/Pepetela,https://es.wikipedia.org/wiki/Pepetela,,2026-09-30T15:47:23Z,Pepetela,politician | university teacher | writer,Angola,Portuguese,
Q93343,Percy Bysshe Shelley,Percy Bysshe Shelley,British Romantic poet (1792–1822),1792-08-04,1792,day,gregorian,1822-07-08,1822,day,gregorian,Q177544,Horsham,Q1223267,Gulf of La Spezia,male,143,95159449,0000000121031840,OL20743A,45882,https://en.wikipedia.org/wiki/Percy_Bysshe_Shelley,https://es.wikipedia.org/wiki/Percy_Bysshe_Shelley,,2026-09-30T15:47:23Z,Percy Bysshe Shelley,librettist | linguist | novelist | playwright | poet | translator | writer,Kingdom of Great Britain | Kingdom of Italy | Switzerland | United Kingdom of Great Britain and Ireland,English,
Q44107,Peter Handke,Peter Handke,"Austrian writer, playwright and film director (born 1942)",1942-12-06,1942,day,gregorian,,,,,Q696964,Griffen,,,male,93,14771032,0000000121213994,OL4331550A,965,https://en.wikipedia.org/wiki/Peter_Handke,https://es.wikipedia.org/wiki/Peter_Handke,,2026-09-30T15:47:19Z,Peter Handke,artist | director | draftsperson | essayist | film director | librettist | novelist | playwright | poet | prose writer | screenwriter | short story writer | translator | writer,Austria,French | German | Slovene,
Q1401,Petrarch,Petrarca,Italian scholar and poet (1304-1374),1304-07-20,1304,day,julian,1374-07-19,1374,day,julian,Q13378,Arezzo,Q34638,Arquà Petrarca,male,163,39382430 | 4668156811376945390003,0000000121287790,OL77056A,72460,https://en.wikipedia.org/wiki/Petrarch,https://es.wikipedia.org/wiki/Petrarca,,2026-09-30T15:46:53Z,Petrarch,Catholic clergyman | autobiographer | humanist | librettist | lyricist | mountaineer | philologist | philosopher | poet | translator | writer,Republic of Florence,Italian | Latin | medieval Italian | medieval Latin | renaissance Latin,
Q171091,Philip K. Dick,Philip K. Dick,American science fiction author (1928–1982),1928-12-16,1928,day,gregorian,1982-03-02,1982,day,gregorian,Q1297,Chicago,Q49244,Santa Ana,male,97,27063583,0000000121251093,OL274606A,4764,https://en.wikipedia.org/wiki/Philip_K._Dick,https://es.wikipedia.org/wiki/Philip_K._Dick,,2026-09-30T15:46:53Z,Philip K. Dick,author | essayist | novelist | philosopher | science fiction writer | short story writer | writer,United States,English,Jack Dowland | Richard Phillipps
Q190220,Philip Pullman,Philip Pullman,English author,1946-10-19,1946,day,gregorian,,,,,Q130191,Norwich,,,male,75,115199438,0000000121484356,OL26545A,3618,https://en.wikipedia.org/wiki/Philip_Pullman,https://es.wikipedia.org/wiki/Philip_Pullman,,2026-09-30T15:46:57Z,Philip Pullman,audiobook narrator | children's writer | executive producer | librarian | novelist | playwright | screenwriter | teacher | university teacher | writer,United Kingdom,English,
Q747,Pierre Corneille,Pierre Corneille,French tragedian (1606–1684),1606-06-06,1606,day,gregorian,1684-10-01,1684,day,gregorian,Q30974,Rouen,Q90,Paris,male,108,3060147907527679210008 | 41838293 | 9665159477885227990006,0000000121296128,OL130779A,3015432,https://en.wikipedia.org/wiki/Pierre_Corneille,https://es.wikipedia.org/wiki/Pierre_Corneille,,2026-09-30T15:47:23Z,Pierre Corneille,jurist | playwright | poet | poet lawyer | translator | writer,Kingdom of France,French,
Q859,Plato,Platón,4th-century BCE Greek philosopher,-0428,-428,decade,julian,-0348,-348,decade,julian,Q1524,Athens,Q1524,Athens,male,302,108159964 | 123158790754138852978 | 192168048973138410001 | 276159474047727660458 | 4044156811375145390005 | 9045175780349917010002 | 9106168850967767620009,0000000120967858,OL12823A | OL13119715A,,https://en.wikipedia.org/wiki/Plato,https://es.wikipedia.org/wiki/Plat%C3%B3n,,2026-09-30T15:47:23Z,Plato,epigrammatist | philosopher | philosopher of law | poet | writer,Classical Athens,Ancient Greek,
Q41523,Plutarch,Plutarco,Greek philosopher and historian (c. AD 46 – after AD 119),0040,40,decade,julian,0120,120,year,julian,Q13574678,Chaeronea,http://www.wikidata.org/.well-known/genid/8866a860f5ee2d232d8e99272e774133,,male,161,108156656 | 165182489 | 24145857055422921454 | 262883934 | 268955446 | 55159233917703370061 | 7111172882324016230005 | 873144647708107114795,000000036386663X,OL58120A,31015,https://en.wikipedia.org/wiki/Plutarch,https://es.wikipedia.org/wiki/Plutarco,,2026-09-30T15:47:19Z,Plutarch,biographer | essayist | historian | magistrate | philosopher | priest | writer,Ancient Rome,Ancient Greek | Latin,
Q326935,Pramoedya Ananta Toer,Pramoedya Ananta Toer,Indonesian writer (1925–2006),1925-02-06,1925,day,gregorian,2006-04-30,2006,day,gregorian,Q10608,Blora,Q3630,Jakarta,male,45,64141836,0000000121366317,OL1637A,101823,https://en.wikipedia.org/wiki/Pramoedya_Ananta_Toer,https://es.wikipedia.org/wiki/Pramoedya_Ananta_Toer,,2026-09-30T15:47:14Z,Pramoedya Ananta Toer,essayist | novelist | writer,Indonesia,Indonesian,
Q174152,Premchand,Premchand,Indian writer of Hindi and Urdu fiction (1880–1936); pioneer of social realism in Hindustani literature,1880-07-31,1880,day,gregorian,1936-10-08,1936,day,gregorian,Q79980,Varanasi,Q1774,Zanzibar Islands,male,81,95216097,0000000121441954,OL4683A,,https://en.wikipedia.org/wiki/Premchand,https://es.wikipedia.org/wiki/Premchand,death_place,2026-09-30T15:46:53Z,Premchand,editor | essayist | journalist | novelist | screenwriter | short story writer | writer,British Raj,Hindi | Hindustani | Urdu,नवाब राय | प्रेमचन्द
Q153670,Primo Levi,Primo Levi,"Italian chemist, partisan, Holocaust survivor, and writer (1919–1987)",1919-07-31,1919,day,gregorian,1987-04-11,1987,day,gregorian,Q495,Turin,Q495,Turin,male,92,281992469 | 76319000,0000000081559527 | 0000000368663938,OL74802A,4187,https://en.wikipedia.org/wiki/Primo_Levi,https://es.wikipedia.org/wiki/Primo_Levi,,2026-09-30T15:46:53Z,Primo Levi,autobiographer | chemist | essayist | novelist | philosopher | poet | politician | science fiction writer | translator | writer,Italy | Kingdom of Italy,Italian,Damiano Malabaila
Q220980,Pío Baroja,Pío Baroja,Spanish writer (1872-1956),1872-12-28,1872,day,gregorian,1956-10-30,1956,day,gregorian,Q10313,San Sebastián,Q2807,Madrid,male,55,36912891,0000000121279993,OL60791A,636591,https://en.wikipedia.org/wiki/P%C3%ADo_Baroja,https://es.wikipedia.org/wiki/P%C3%ADo_Baroja,,2026-09-30T15:46:57Z,Pío Baroja,baker | novelist | physician | physician writer | playwright | poet | writer,Spain,Spanish,
Q610522,Qiu Xiaolong,Qiu Xiaolong,Chinese-American writer,1953-01,1953,month,gregorian,,,,,Q8686,Shanghai,,,male,17,106999380,000000011454455X | 0000000368998287 | 0000000453027768,OL1431656A,,https://en.wikipedia.org/wiki/Qiu_Xiaolong,https://es.wikipedia.org/wiki/Qiu_Xiaolong,,2026-09-30T15:47:23Z,Qiu Xiaolong,literary critic | novelist | poet | teacher | translator | university teacher | writer,People's Republic of China | United States,Chinese | English,
Q334252,R. K. Narayan,R. K. Narayan,Indian English-language writer (1906–2001),1906-10-10,1906,day,gregorian,2001-05-13,2001,day,gregorian,Q1352,Chennai,Q1352,Chennai,male,53,111543455,0000000121478976,OL5911201A,1305302,https://en.wikipedia.org/wiki/R._K._Narayan,https://es.wikipedia.org/wiki/R._K._Narayan,,2026-09-30T15:47:14Z,R. K. Narayan,journalist | novelist | politician | screenwriter | teacher | writer,British Raj | India,English | Tamil,R. K. Narayan
Q7241,Rabindranath Tagore,Rabindranath Tagore,"Bengali poet, philosopher and polymath (1861–1941)",1861-05-07,1861,day,gregorian,1941-08-07,1941,day,gregorian,Q1348,Kolkata,Q1348,Kolkata,male,246,24608356,0000000120999155,OL1770A,36913,https://en.wikipedia.org/wiki/Rabindranath_Tagore,https://es.wikipedia.org/wiki/Rabindranath_Tagore,,2026-09-30T15:47:23Z,Rabindranath Tagore,Nobel Prize winner | actor | artist | composer | essayist | film director | freedom fighter | librettist | lyricist | novelist | painter | philosopher | playwright | poet | short story writer | singer | social reformer | songwriter | travel writer | writer,British Raj,Bangla,ভানুসিংহ
Q100948,Rachel Carson,Rachel Carson,American marine biologist and conservationist (1907–1964),1907-05-27,1907,day,gregorian,1964-04-14,1964,day,gregorian,Q7279187,Rachel Carson Homestead,Q755741,Silver Spring,female,111,4927694,0000000121184484,OL225621A,15332,https://en.wikipedia.org/wiki/Rachel_Carson,https://es.wikipedia.org/wiki/Rachel_Carson,,2026-09-30T15:46:53Z,Rachel Carson,author | biologist | conservationist | ecologist | environmentalist | essayist | marine biologist | non-fiction writer | science journalist | whistleblower | writer | zoologist,United States,English,
Q76483,Rainer Maria Rilke,Rainer Maria Rilke,Austrian poet and writer (1875–1926),1875-12-04,1875,day,gregorian,1926-12-29,1926,day,gregorian,Q1085,Prague,Q69354,Montreux,male,134,46897170,0000000121312247,OL673325A,7906,https://en.wikipedia.org/wiki/Rainer_Maria_Rilke,https://es.wikipedia.org/wiki/Rainer_Maria_Rilke,,2026-09-30T15:47:23Z,Rainer Maria Rilke,novelist | playwright | poet | translator | writer,Cisleithania | Czechoslovakia,French | German,
Q299965,Ralph Ellison,Ralph Ellison,"American novelist, literary critic, scholar and writer (1914-1994)",1914-03-01,1914,day,gregorian,1994-04-16,1994,day,gregorian,Q34863,Oklahoma City,Q60,New York City,male,51,2481446,0000000121178826,OL32983A,7508,https://en.wikipedia.org/wiki/Ralph_Ellison,https://es.wikipedia.org/wiki/Ralph_Ellison,,2026-09-30T15:47:14Z,Ralph Ellison,autobiographer | critic | essayist | journalist | literary critic | literary scholar | music critic | novelist | prose writer | writer,United States,English,
Q48226,Ralph Waldo Emerson,Ralph Waldo Emerson,American philosopher (1803–1882),1803-05-25,1803,day,gregorian,1882-04-27,1882,day,gregorian,Q100,Boston,Q523240,Concord,male,155,27079964,0000000121000403,OL18405A,12080,https://en.wikipedia.org/wiki/Ralph_Waldo_Emerson,https://es.wikipedia.org/wiki/Ralph_Waldo_Emerson,,2026-09-30T15:47:19Z,Ralph Waldo Emerson,Christian minister | Unitarian pastor | abolitionist | biographer | diarist | essayist | librettist | orator | parson | philosopher | poet | writer,United States,English,
Q311001,Ramón María del Valle-Inclán,Ramón María del Valle-Inclán,Spanish author (1866-1936),1866-10-28,1866,day,gregorian,1936-01-05,1936,day,gregorian,Q739495,Vilanova de Arousa,Q14314,Santiago de Compostela,male,48,68936773,0000000121379994,OL2355312A,,https://en.wikipedia.org/wiki/Ram%C3%B3n_del_Valle-Incl%C3%A1n,https://es.wikipedia.org/wiki/Ram%C3%B3n_Mar%C3%ADa_del_Valle-Incl%C3%A1n,,2026-09-30T15:47:14Z,Ramón María del Valle-Inclán,actor | novelist | playwright | poet | theatre manager | writer,Spain,Galician | Spanish,
Q40640,Ray Bradbury,Ray Bradbury,American author and screenwriter (1920–2012),1920-08-22,1920,day,gregorian,2012-06-05,2012,day,gregorian,Q578289,Waukegan,Q65,Los Angeles,male,119,106652108 | 12305881,0000000120955961 | 0000000368633990,OL24137A,1630,https://en.wikipedia.org/wiki/Ray_Bradbury,https://es.wikipedia.org/wiki/Ray_Bradbury,,2026-09-30T15:47:19Z,Ray Bradbury,novelist | playwright | poet | prose writer | satirical novelist | science fiction writer | screenwriter | writer,United States,English,William Elliot
Q2134968,Rebecca Solnit,Rebecca Solnit,American writer,1961-06-24,1961,day,gregorian,,,,,Q49174,Bridgeport,,,female,33,41972193,0000000083761710,OL22530A,15811,https://en.wikipedia.org/wiki/Rebecca_Solnit,https://es.wikipedia.org/wiki/Rebecca_Solnit,,2026-09-30T15:46:57Z,Rebecca Solnit,activist | art historian | author | environmentalist | essayist | historian | journalist | writer,United States,English,
Q629931,Ricardo Güiraldes,Ricardo Güiraldes,Argentine writer (1886-1927),1886-02-13,1886,day,gregorian,1927-10-08,1927,day,gregorian,Q1486,Buenos Aires,Q90,Paris,male,26,34457726,0000000080768861,OL259636A,,https://en.wikipedia.org/wiki/Ricardo_G%C3%BCiraldes,https://es.wikipedia.org/wiki/Ricardo_G%C3%BCiraldes,,2026-09-30T15:47:23Z,Ricardo Güiraldes,poet | writer,Argentina,French | German | Spanish,
Q44461,Richard Dawkins,Richard Dawkins,"English ethologist, evolutionary biologist and author (born 1941)",1941-03-26,1941,day,gregorian,,,,,Q3870,Nairobi,,,male,136,12307054,0000000121208079,OL236174A,1194,https://en.wikipedia.org/wiki/Richard_Dawkins,https://es.wikipedia.org/wiki/Richard_Dawkins,,2026-09-30T15:47:19Z,Richard Dawkins,actor | author | biologist | epistemologist | essayist | ethologist | evolutionary biologist | film actor | film screenwriter | geneticist | science communicator | science writer | screenwriter | sociobiologist | television actor | theoretical biologist | university teacher | video game actor | voice actor | writer | zoologist,United Kingdom,English,
Q319820,Richard Wright,Richard Nathaniel Wright,American novelist and poet (1908–1960),1908-09-04,1908,day,gregorian,1960-11-28,1960,day,gregorian,Q944044,Natchez,Q90,Paris,male,52,34464524,0000000121272660,OL33621A,9657,https://en.wikipedia.org/wiki/Richard_Wright_(author),https://es.wikipedia.org/wiki/Richard_Wright_(escritor),birth_place,2026-09-30T15:47:14Z,Richard Wright,autobiographer | novelist | playwright | poet | short story writer | writer,United States,English,
Q25161,Roald Dahl,Roald Dahl,British writer and poet (1916–1990),1916-09-13,1916,day,gregorian,1990-11-23,1990,day,gregorian,Q1244613,Llandaff,Q34217,Oxford,male,108,108159131,0000000121468188,OL34184A,4273,https://en.wikipedia.org/wiki/Roald_Dahl,https://es.wikipedia.org/wiki/Roald_Dahl,,2026-09-30T15:46:57Z,Roald Dahl,autobiographer | children's writer | fighter pilot | novelist | opinion journalist | poet | screenwriter | short story writer | writer,Norway | United Kingdom,English | Norwegian,
Q233265,Robert Browning,Robert Browning,English poet and playwright (1812–1889),1812-05-07,1812,day,gregorian,1889-12-12,1889,day,gregorian,Q84,London,Q641,Venice,male,98,24598774,0000000120999083,OL48850A,24391,https://en.wikipedia.org/wiki/Robert_Browning,https://es.wikipedia.org/wiki/Robert_Browning,,2026-09-30T15:46:57Z,Robert Browning,dramaturge | playwright | poet | writer,United Kingdom | United Kingdom of Great Britain and Ireland,English,
Q78487,Robert Musil,Robert Musil,Austrian philosophical writer (1880–1942),1880-11-06,1880,day,gregorian,1942-04-15,1942,day,gregorian,Q41753,Klagenfurt am Wörthersee,Q71,Geneva,male,87,46799598,0000000121310479,OL135531A,16747,https://en.wikipedia.org/wiki/Robert_Musil,https://es.wikipedia.org/wiki/Robert_Musil,,2026-09-30T15:47:23Z,Robert Musil,critic | editing staff | editor | engineer | essayist | librarian | novelist | playwright | prose writer | reserve officer | screenwriter | writer,Austria,German,
Q188838,Roberto Arlt,Roberto Arlt,Argentine writer,1900-04-26,1900,day,gregorian,1942-07-26,1942,day,gregorian,Q1486,Buenos Aires,Q1486,Buenos Aires,male,28,59078148,0000000122805393,OL182043A,111215,https://en.wikipedia.org/wiki/Roberto_Arlt,https://es.wikipedia.org/wiki/Roberto_Arlt,,2026-09-30T15:46:57Z,Roberto Arlt,inventor | journalist | novelist | playwright | short story writer | writer,Argentina,Spanish,
Q297532,Roberto Bolaño,Roberto Bolaño,Chilean author,1953-04-28,1953,day,gregorian,2003-07-15,2003,day,gregorian,Q2887,Santiago,Q1492,Barcelona,male,54,41992611,0000000121298844,OL56795A | OL6493404A,72039,https://en.wikipedia.org/wiki/Roberto_Bola%C3%B1o,https://es.wikipedia.org/wiki/Roberto_Bola%C3%B1o,,2026-09-30T15:47:14Z,Roberto Bolaño,essayist | guachimán | literary critic | novelist | poet | writer,Chile,Spanish,
Q669956,Roberto Calasso,Roberto Calasso,Italian writer (1941–2021),1941-05-30,1941,day,gregorian,2021-07-28,2021,day,gregorian,Q2044,Florence,Q490,Milan,male,21,59067254,0000000121347482,OL246924A,62357,https://en.wikipedia.org/wiki/Roberto_Calasso,https://es.wikipedia.org/wiki/Roberto_Calasso,,2026-09-30T15:47:23Z,Roberto Calasso,editor | essayist | publisher | university teacher | writer,Italy,English | Italian,
Q25163,Roberto Saviano,Roberto Saviano,Italian journalist and writer (born 1979),1979-09-22,1979,day,gregorian,,,,,Q2634,Naples,,,male,49,90649613,000000012282878X,OL5388045A,545764,https://en.wikipedia.org/wiki/Roberto_Saviano,https://es.wikipedia.org/wiki/Roberto_Saviano,,2026-09-30T15:46:57Z,Roberto Saviano,journalist | screenwriter | writer,Italy,English | Italian,
Q732338,Rohinton Mistry,Rohinton Mistry,Indian-born Canadian writer (born 1952),1952-07-03,1952,day,gregorian,,,,,Q1156,Mumbai,,,male,25,29581388,0000000108833320,OL456240A,3539,https://en.wikipedia.org/wiki/Rohinton_Mistry,https://es.wikipedia.org/wiki/Rohinton_Mistry,,2026-09-30T15:47:23Z,Rohinton Mistry,novelist | writer,Canada,English,
Q179109,Roland Barthes,Roland Barthes,French philosopher and essayist (1915–1980),1915-11-12,1915,day,gregorian,1980-03-26,1980,day,gregorian,Q3667188,Cherbourg,Q90,Paris,male,84,44295060,0000000121009643,OL2645171A | OL4333677A,13084,https://en.wikipedia.org/wiki/Roland_Barthes,https://es.wikipedia.org/wiki/Roland_Barthes,,2026-09-30T15:46:53Z,Roland Barthes,essayist | literary critic | literary theorist | mythographer | ontologist | philosopher | semiologist | sociologist | university teacher | writer,France,French,
Q157322,Romain Gary,Romain Gary,French writer and diplomat (1914–1980),1914-05-21,1914,day,gregorian,1980-12-02,1980,day,gregorian,Q216,Vilnius,Q259463,7th arrondissement of Paris,male,65,109799651 | 30780842 | 36346140,0000000083738078 | 0000000121264468,OL123692A,32807,https://en.wikipedia.org/wiki/Romain_Gary,https://es.wikipedia.org/wiki/Romain_Gary,,2026-09-30T15:46:53Z,Romain Gary | Émile Ajar,Français libre | aircraft pilot | diplomat | director | film director | novelist | screenwriter | translator | writer,France | Russian Empire | Second Polish Republic,English | French | Polish | Russian | Yiddish,Fosco Sinibaldi | Lucien Brulard | René Deville | Romain Gary | Shatan Bogat | Émile Ajar
Q1187562,Rosa Montero,Rosa Montero,Spanish writer,1951-01-03,1951,day,gregorian,,,,,Q2807,Madrid,,,female,35,49281710,0000000121320052,OL91941A,,https://en.wikipedia.org/wiki/Rosa_Montero,https://es.wikipedia.org/wiki/Rosa_Montero,,2026-09-30T15:46:53Z,Rosa Montero,journalist | novelist | psychologist | writer,Spain,Spanish,
Q464264,Rosalía de Castro,Rosalía de Castro,Galician poet and writer (1837-1885),1837-02-23,1837,day,gregorian,1885-07-22,1885,day,gregorian,Q3397349,"Conxo, Santiago de Compostela",Q20543804,A Matanza,female,59,51711491,0000000081298427,OL123396A | OL6289552A,,https://en.wikipedia.org/wiki/Rosal%C3%ADa_de_Castro,https://es.wikipedia.org/wiki/Rosal%C3%ADa_de_Castro,,2026-09-30T15:47:19Z,Rosalía de Castro,novelist | poet | short story writer | writer,Spain,Galician | Spanish,
Q260862,Rosario Castellanos,Rosario Castellanos,Mexican writer (1925-1974),1925-05-25,1925,day,gregorian,1974-08-07,1974,day,gregorian,Q1489,Mexico City,Q33935,Tel Aviv,female,44,97344364,0000000110315362,,99870,https://en.wikipedia.org/wiki/Rosario_Castellanos,https://es.wikipedia.org/wiki/Rosario_Castellanos,birth_date,2026-09-30T15:46:57Z,Rosario Castellanos,diplomat | journalist | literary scholar | playwright | poet | screenwriter | university teacher | writer,Mexico,English | Spanish,
Q173767,Rubén Darío,Rubén Darío,"Nicaraguan poet, journalist and diplomat (1867–1916)",1867-01-18,1867,day,gregorian,1916-02-06,1916,day,gregorian,Q131541473,Ciudad Dario,Q208151,León,male,77,7399994,000000012119288X | 0000000368637123,OL76614A,,https://en.wikipedia.org/wiki/Rub%C3%A9n_Dar%C3%ADo,https://es.wikipedia.org/wiki/Rub%C3%A9n_Dar%C3%ADo,,2026-09-30T15:46:53Z,Rubén Darío,autobiographer | diplomat | journalist | poet | reporter | writer,Nicaragua,Spanish,
Q34743,Rudyard Kipling,Rudyard Kipling,English writer and poet (1865–1936),1865-12-30,1865,day,gregorian,1936-01-18,1936,day,gregorian,Q1156,Mumbai,Q84,London,male,189,7524679,0000000120989213,OL24461A,6989,https://en.wikipedia.org/wiki/Rudyard_Kipling,https://es.wikipedia.org/wiki/Rudyard_Kipling,,2026-09-30T15:47:14Z,Rudyard Kipling,autobiographer | children's writer | journalist | librettist | novelist | poet | prose writer | science fiction writer | screenwriter | traveler | war correspondent | writer,United Kingdom | United Kingdom of Great Britain and Ireland,English,
Q43347,Rumi,Yalal ad-Din Muhammad Rumi,Iranian poet,1207-09-30,1207,day,gregorian,1273-12-17,1273,day,gregorian,Q2064329,Vakhsh,Q79857,Konya,male,160,98930150,0000000121449235,OL2659024A,875661,https://en.wikipedia.org/wiki/Rumi,https://es.wikipedia.org/wiki/Rumi,,2026-09-30T15:47:19Z,Rumi,Islamic jurist | literary scholar | mystic | philosopher | poet | ulema | writer,,Arabic | Old Anatolian Turkish | Persian | medieval Greek,خاموش
Q186326,Ryūnosuke Akutagawa,Ryūnosuke Akutagawa,Japanese writer (1892–1927),1892-03-01,1892,day,gregorian,1927-07-24,1927,day,gregorian,Q7473516,Tokyo,Q3512734,Tabata,male,96,28807,0000000121172213,OL794876A,5775185,https://en.wikipedia.org/wiki/Ry%C5%ABnosuke_Akutagawa,https://es.wikipedia.org/wiki/Ry%C5%ABnosuke_Akutagawa,,2026-09-30T15:46:53Z,Ryunosuke Akutagawa,essayist | journalist | literary critic | novelist | poet | satirical novelist | screenwriter | short story writer | writer,Japan,English | Japanese,我鬼 | 柳川 隆之助
Q156501,Saadat Hasan Manto,Saadat Hasan Manto,"Indo-Pakistani novelist, playwright and writer (1912-1955)",1912-05-11,1912,day,gregorian,1955-01-18,1955,day,gregorian,Q2545261,Samrala,Q5642626,"Hall Road, Lahore",male,33,71500079,0000000108584934,OL571A,263878,https://en.wikipedia.org/wiki/Saadat_Hasan_Manto,https://es.wikipedia.org/wiki/Saadat_Hasan_Manto,,2026-09-30T15:46:53Z,Saadat Hasan Manto,journalist | novelist | screenwriter | short story writer | translator | writer,British Raj | Dominion of Pakistan | India | Pakistan,Punjabi | Urdu,Manto
Q170302,Saadi,Sa'di,Persian poet,1210,1210,year,julian,1292-12-09,1292,day,julian,Q6397066,Shiraz,Q6397066,Shiraz,male,119,100206721,000000012031438X,OL2108A,7259226,https://en.wikipedia.org/wiki/Saadi_Shirazi,https://es.wikipedia.org/wiki/Sa%27di,,2026-09-30T15:46:53Z,Saadi Shirazi,poet | writer,,Arabic | Persian,سعدی
Q982838,Sabahattin Ali,Sabahattin Ali,Turkish novelist (1907–1948),1907-02-25,1907,day,gregorian,1948-04-02,1948,day,gregorian,Q407347,Ardino,Q206903,Kırklareli,male,41,56604917,0000000081350600,OL97057A,,https://en.wikipedia.org/wiki/Sabahattin_Ali,https://es.wikipedia.org/wiki/Sabahattin_Ali,,2026-09-30T15:47:23Z,Sabahattin Ali,author | journalist | novelist | poet | teacher | translator | writer,Ottoman Empire | Turkey,Arabic | German | Ottoman Turkish | Turkish,
Q315017,Sadegh Hedayat,Sadeq Hedayat,Iranian writer,1903-02-17,1903,day,gregorian,1951-04-09,1951,day,gregorian,Q3616,Tehran,Q90,Paris,male,54,56631825,000000010844961X,OL43809A,13607545,https://en.wikipedia.org/wiki/Sadegh_Hedayat,https://es.wikipedia.org/wiki/Sadeq_Hedayat,birth_date,2026-09-30T15:47:14Z,Sadegh Hedayat,novelist | poet | prose writer | short story writer | translator | writer,Iran,French | Persian,
Q44306,Salman Rushdie,Salman Rushdie,Indian-born English and American novelist (born 1947),1947-06-19,1947,day,gregorian,,,,,Q1156,Mumbai,,,male,129,29540187,0000000122778487,OL26769A,3299,https://en.wikipedia.org/wiki/Salman_Rushdie,https://es.wikipedia.org/wiki/Salman_Rushdie,,2026-09-30T15:47:19Z,Salman Rushdie,actor | author | children's writer | essayist | novelist | screenwriter | writer,India | United Kingdom | United States,English | Kashmiri | Urdu,
Q7408607,Samanta Schweblin,Samanta Schweblin,Argentine author (1978-),1978-03-08,1978,day,gregorian,,,,,Q1486,Buenos Aires,,,female,28,59022684,0000000120266082,,,https://en.wikipedia.org/wiki/Samanta_Schweblin,https://es.wikipedia.org/wiki/Samanta_Schweblin,,2026-09-30T15:47:23Z,Samanta Schweblin,short story writer | web developer | writer,Argentina,German | Spanish,
Q183266,Samuel Johnson,Samuel Johnson,English writer and lexicographer (1709–1784),1709-09-18,1709,day,gregorian,1784-12-13,1784,day,gregorian,Q207371,Lichfield,Q84,London,male,134,7406725,0000000121193137,OL21070A,22191,https://en.wikipedia.org/wiki/Samuel_Johnson,https://es.wikipedia.org/wiki/Samuel_Johnson,,2026-09-30T15:46:53Z,Samuel Johnson,biographer | bookseller | critic | essayist | lexicographer | linguist | literary critic | literary historian | poet | politician | prose writer | teacher | translator | writer,Kingdom of Great Britain,English,
Q82409,Samuel Taylor Coleridge,Samuel Taylor Coleridge,"English poet, literary critic and philosopher (1772–1834)",1772-10-21,1772,day,gregorian,1834-07-25,1834,day,gregorian,Q1247828,Ottery St Mary,Q84,London,male,123,24599809,0000000122774996,OL26099A,11525,https://en.wikipedia.org/wiki/Samuel_Taylor_Coleridge,https://es.wikipedia.org/wiki/Samuel_Taylor_Coleridge,,2026-09-30T15:47:23Z,Samuel Taylor Coleridge,critic | literary critic | philosopher | poet | theologian | writer,Kingdom of Great Britain | United Kingdom of Great Britain and Ireland,English,
Q17892,Sappho,Safo,ancient Greek poet from Lesbos (c. 630-c. 570 BC),-0650,-650,century,julian,-0570,-570,year,julian,Q128087,Lesbos,Q190138,Lefkada,female,148,100172612 | 101765701 | 259641020 | 266066864 | 266249734 | 2855156811371545390004 | 288699863 | 309816328 | 3164959943924022849 | 389159474048627660296 | 471144647722259873943 | 58145856997522921107 | 7411159248206604870001 | 76159999802030112212 | 775154380921930290380 | 78770488 | 8079147270527935700000 | 83986675 | 93160307239957740360,0000000400331045,OL92777A,59712,https://en.wikipedia.org/wiki/Sappho,https://es.wikipedia.org/wiki/Safo,,2026-09-30T15:46:53Z,Sappho,author | composer | poet | writer,Mytilene,Ancient Greek,
Q11523472,Sayaka Murata,Sayaka Murata,Japanese writer,1979-08-14,1979,day,gregorian,,,,,Q637901,Inzai,,,female,29,91121892,0000000064745766,OL6573124A,8816506,https://en.wikipedia.org/wiki/Sayaka_Murata,https://es.wikipedia.org/wiki/Sayaka_Murata,,2026-09-30T15:46:53Z,Sayaka Murata,essayist | novelist | short story writer | writer,Japan,Japanese,
Q231603,Sei Shōnagon,Sei Shōnagon,Japanese author and court lady,0966,966,year,julian,1025,1025,year,julian,Q751907,Heian-kyō,Q34600,Kyoto,female,70,289145856860122920259 | 292487559,0000000354361824,OL765545A,10983,https://en.wikipedia.org/wiki/Sei_Sh%C5%8Dnagon,https://es.wikipedia.org/wiki/Sei_Sh%C5%8Dnagon,,2026-09-30T15:46:57Z,Sei Shōnagon,diarist | essayist | historian | lady-in-waiting | poet | writer,Japan,Japanese,
Q44519,Selma Lagerlöf,Selma Lagerlöf,Swedish writer (1858–1940),1858-11-20,1858,day,gregorian,1940-03-16,1940,day,gregorian,Q10728500,Östra Ämtervik church parish,Q10728500,Östra Ämtervik church parish,female,155,1505149368828785980006 | 7392519,0000000121192353,OL49700A,38266,https://en.wikipedia.org/wiki/Selma_Lagerl%C3%B6f,https://es.wikipedia.org/wiki/Selma_Lagerl%C3%B6f,,2026-09-30T15:47:19Z,Selma Lagerlöf,Volksschule teacher | autobiographer | biographer | children's writer | novelist | poet | prose writer | teacher | translator | writer,Sweden,Swedish,
Q2054,Seneca,Séneca,"Roman Stoic philosopher, statesman and dramatist (c. 4 BCE–65 CE)",-0004,-4,decade,julian,0065-04-12,65,day,julian,Q2997165,Corduba,Q220,Rome,male,158,108566706 | 3786150033036611180005 | 61159234009903370471,0000000121030100,OL3143587A,4918776,https://en.wikipedia.org/wiki/Seneca_the_Younger,https://es.wikipedia.org/wiki/S%C3%A9neca,,2026-09-30T15:46:57Z,Seneca,aphorist | consul | naturalist | philosopher | playwright | poet | politician | statesperson | writer,Ancient Rome,Ancient Greek | Latin,
Q290306,Shahrnush Parsipur,Shahrnush Parsipur,Iranian novelist,1946-02-17,1946,day,gregorian,2026-07-03,2026,day,gregorian,Q3616,Tehran,Q62,San Francisco,female,23,4101753,0000000078471014,OL3039774A,3020635,https://en.wikipedia.org/wiki/Shahrnush_Parsipur,https://es.wikipedia.org/wiki/Shahrnush_Parsipur,,2026-09-30T15:47:14Z,Shahrnush Parsipur,novelist | prose writer | radio personality | screenwriter | short story writer | sociologist | television producer | translator | writer,Iran | United States,Dutch | English | French | Persian,
Q7487568,Shamini Flint,Shamini Flint,author based in Singapore,1969-10-26,1969,day,gregorian,,,,,Q1865,Kuala Lumpur,,,female,3,68690662,0000000047320475,,,https://en.wikipedia.org/wiki/Shamini_Flint,,,2026-09-30T15:47:23Z,Shamini Flint,children's writer | writer,Malaysia,English,
Q361257,Shel Silverstein,Shel Silverstein,"American poet, cartoonist, songwriter, and children's writer (1930–1999)",1930-09-25,1930,day,gregorian,1999-05-10,1999,day,gregorian,Q1297,Chicago,Q485186,Key West,male,40,19880380,0000000118736778,OL548174A,435477 | 4746362,https://en.wikipedia.org/wiki/Shel_Silverstein,https://es.wikipedia.org/wiki/Shel_Silverstein,,2026-09-30T15:47:14Z,Shel Silverstein,actor | cartoonist | children's writer | composer | film score composer | illustrator | musician | poet | screenwriter | singer | songwriter | writer,United States,English,
Q384293,Shin Kyung-sook,Shin Kyung-sook,South Korean writer,1963-01-12,1963,day,gregorian,,,,,Q42141,Jeongeup,,,female,29,39712268,000000008374681X,OL4057169A,,https://en.wikipedia.org/wiki/Shin_Kyung-sook,https://es.wikipedia.org/wiki/Kyung-sook_Shin,,2026-09-30T15:47:19Z,Kyung-sook Shin,novelist | writer,South Korea,Korean,
Q239910,Shirley Jackson,Shirley Jackson,American writer (1916-1965),1916-12-14,1916,day,gregorian,1965-08-08,1965,day,gregorian,Q62,San Francisco,Q7054162,North Bennington,female,44,91864979,0000000121435300,OL507165A,13388,https://en.wikipedia.org/wiki/Shirley_Jackson,https://es.wikipedia.org/wiki/Shirley_Jackson,,2026-09-30T15:46:57Z,Shirley Jackson,children's writer | journalist | non-fiction writer | novelist | writer,United States,English,
Q133042,Shmuel Yosef Agnon,Shmuel Yosef Agnón,"Ukrainian-born Israeli Hebrew writer, Nobel laureate in Literature (1888–1970)",1887-08-08,1887,day,gregorian,1970-02-17,1970,day,gregorian,Q849109,Buchach,Q1218,Jerusalem,male,96,14765267,0000000120213140,OL29646A,174039,https://en.wikipedia.org/wiki/Shmuel_Yosef_Agnon,https://es.wikipedia.org/wiki/Shmuel_Yosef_Agn%C3%B3n,,2026-09-30T15:46:53Z,S. Y. Agnon,novelist | poet | short story writer | writer,German Empire | Hungary | Israel | Mandatory Palestine | Weimar Republic,Hebrew | Yiddish,
Q238090,Sholem Aleichem,Sholem Aleijem,"Jewish writer and playwright of Yiddish, who worked in Russian Empire, Switzerland, Germany and the United States (1859-1916)",1859-03-02,1859,day,gregorian,1916-05-13,1916,day,gregorian,Q639839,Pereiaslav,Q60,New York City,male,67,19675893 | 306313777,0000000453019610,OL144345A,20890767,https://en.wikipedia.org/wiki/Sholem_Aleichem,https://es.wikipedia.org/wiki/Sholem_Aleijem,,2026-09-30T15:46:57Z,Sholem Aleichem,film screenwriter | humorist | novelist | playwright | satirical novelist | writer,Russian Empire | United States,Hebrew | Russian | Yiddish,
Q80889,Sigrid Undset,Sigrid Undset,Norwegian writer (1882–1949),1882-05-20,1882,day,gregorian,1949-06-10,1949,day,gregorian,Q204957,Kalundborg,Q101341,Lillehammer,female,117,73860916,000000012102339X,OL23696A,4203,https://en.wikipedia.org/wiki/Sigrid_Undset,https://es.wikipedia.org/wiki/Sigrid_Undset,,2026-09-30T15:47:23Z,Sigrid Undset,novelist | poet | prose writer | screenwriter | translator | writer,Norway,Norwegian,
Q442829,Silvina Ocampo,Silvina Ocampo,Argentine writer (1903–1993),1903-07-28,1903,day,gregorian,1993-12-14,1993,day,gregorian,Q1486,Buenos Aires,Q1486,Buenos Aires,female,39,100247821,0000000114628438,OL6384107A,112535,https://en.wikipedia.org/wiki/Silvina_Ocampo,https://es.wikipedia.org/wiki/Silvina_Ocampo,,2026-09-30T15:47:19Z,Silvina Ocampo,novelist | poet | prose writer | short story writer | translator | writer,Argentina,English | French | Spanish,
Q157309,Simone Weil,Simone Weil,"French philosopher, writer, and social activist (1909–1943)",1909-02-03,1909,day,gregorian,1943-08-24,1943,day,gregorian,Q90,Paris,Q725261,Ashford,female,97,2478298,0000000120984340 | 0000000368634635,OL43117A,18395,https://en.wikipedia.org/wiki/Simone_Weil,https://es.wikipedia.org/wiki/Simone_Weil,,2026-09-30T15:46:53Z,Simone Weil,French resistance fighter | autobiographer | diarist | philosopher | poet | secondary school teacher | trade unionist | translator | writer,France,French,S. Galois | Émile Novis
Q7197,Simone de Beauvoir,Simone de Beauvoir,"French philosopher, social theorist and activist (1908–1986)",1908-01-09,1908,day,gregorian,1986-04-14,1986,day,gregorian,Q245546,6th arrondissement of Paris,Q187153,14th arrondissement of Paris,female,187,2466221,0000000120984228 | 0000000368634627,OL63285A,5548,https://en.wikipedia.org/wiki/Simone_de_Beauvoir,https://es.wikipedia.org/wiki/Simone_de_Beauvoir,,2026-09-30T15:47:23Z,Simone de Beauvoir,author | autobiographer | diarist | essayist | feminist | film actor | journalist | literary critic | novelist | philosopher | philosophy teacher | political activist | political philosopher | women letter writer | writer,France,French,Le Castor
Q7235,Sophocles,Sófocles,ancient Greek playwright,-0496,-496,year,julian,-0406,-406,year,julian,Q1235930,Colonus,Q1524,Athens,male,214,101760867 | 102325149 | 185159474316127662561 | 261955383 | 297820975 | 303168048973538410007 | 341145857924823020329 | 346144647695737368853 | 5131159477829827990003 | 59163208688807232977 | 593145858094523022222 | 640144647699971262821 | 8275170868732222930001,0000000122836085,OL11149A,1002,https://en.wikipedia.org/wiki/Sophocles,https://es.wikipedia.org/wiki/S%C3%B3focles,death_place,2026-09-30T15:47:23Z,Sophocles,philosopher | playwright | politician | priest | tragedy writer | writer,Classical Athens,Ancient Greek,
Q183074,Sor Juana Inés de la Cruz,Juana Inés de la Cruz,"Mexican writer, philosopher, playwright and poet",1651-11-12,1651,day,gregorian,1695-04-17,1695,day,gregorian,Q3947701,Nepantla de Sor Juana Inés de la Cruz,Q1489,Mexico City,female,74,88633360,0000000121029265,OL117489A,,https://en.wikipedia.org/wiki/Juana_In%C3%A9s_de_la_Cruz,https://es.wikipedia.org/wiki/Juana_In%C3%A9s_de_la_Cruz,,2026-09-30T15:46:53Z,Sor Juana Inés de la Cruz,cloistered nun | composer | mathematician | nun | philosopher | playwright | poet | religious sister | writer,Mexico | New Spain | Spanish Empire,Basque | English | Latin | Nahuatl | Spanish,
Q6530,Stanisław Lem,Stanisław Lem,"Polish science fiction author, philosopher and futurologist, studied medical doctor (1921–2006)",1921-09-12,1921,day,gregorian,2006-03-27,2006,day,gregorian,Q36036,Lviv,Q31487,Kraków,male,103,56612733,0000000121340125,OL29655A,10991,https://en.wikipedia.org/wiki/Stanis%C5%82aw_Lem,https://es.wikipedia.org/wiki/Stanis%C5%82aw_Lem,,2026-09-30T15:47:23Z,Stanisław Lem,essayist | futurist | philosopher | physician | playwright | poet | researcher | satirist | science fiction writer | screenwriter | writer,Poland,English | German | Polish | Russian,
Q78491,Stefan Zweig,Stefan Zweig,Austrian writer (1881–1942),1881-11-28,1881,day,gregorian,1942-02-22,1942,day,gregorian,Q1741,Vienna,Q189043,Petrópolis,male,126,19685936,000000012099475X,OL26439A,25573,https://en.wikipedia.org/wiki/Stefan_Zweig,https://es.wikipedia.org/wiki/Stefan_Zweig,,2026-09-30T15:47:23Z,Stefan Zweig,biographer | collector | essayist | historian | journalist | literary critic | musician | novelist | pacifist | playwright | poet | prose writer | screenwriter | translator | writer,Austria | Cisleithania,English | French | German | Italian | Spanish,
Q502,Stendhal,Stendhal,French writer (1783–1842),1783-01-23,1783,day,gregorian,1842-03-23,1842,day,gregorian,Q1289,Grenoble,Q90,Paris,male,136,17823,0000000120981326,OL3547743A,1481537,https://en.wikipedia.org/wiki/Stendhal,https://es.wikipedia.org/wiki/Stendhal,,2026-09-30T15:47:19Z,Stendhal,art historian | autobiographer | biographer | diarist | diplomat | novelist | writer,France,French,Anastase de Serpière | Dominique | Don Flegme | Henri Stendhal | Louis Alexandre Bombet | Stendalis | Stendhal | William Crocodile
Q17714,Stephen Hawking,Stephen Hawking,"British theoretical physicist, cosmologist and author (1942–2018)",1942-01-08,1942,day,gregorian,2018-03-14,2018,day,gregorian,Q34217,Oxford,Q350,Cambridge,male,201,102304634,0000000121034996,OL2675573A,1401,https://en.wikipedia.org/wiki/Stephen_Hawking,https://es.wikipedia.org/wiki/Stephen_Hawking,,2026-09-30T15:46:53Z,Stephen Hawking,cosmologist | theoretical physicist | writer,United Kingdom,English,
Q39829,Stephen King,Stephen King,American novelist and writer (born 1947),1947-09-21,1947,day,gregorian,,,,,Q49201,Portland,,,male,147,97113511,0000000121446296,OL19981A,3389,https://en.wikipedia.org/wiki/Stephen_King,https://es.wikipedia.org/wiki/Stephen_King,,2026-09-30T15:47:19Z,Stephen King,English teacher | actor | columnist | director | film director | journalist | novelist | science fiction writer | screenwriter | teacher | television producer | writer,United States,English,Richard Bachman
Q212730,Steven Pinker,Steven Pinker,"Canadian-American cognitive psychologist, linguist, and author, an advocate of evolutionary psychology and the computational theory of the mind",1954-09-18,1954,day,gregorian,,,,,Q340,Montreal,,,male,62,108149508,0000000121468153,OL29930A,3915,https://en.wikipedia.org/wiki/Steven_Pinker,https://es.wikipedia.org/wiki/Steven_Pinker,,2026-09-30T15:46:57Z,Steven Pinker,anthropologist | author | cognitive scientist | evolutionary psychologist | experimental psychologist | linguist | non-fiction writer | philosopher | psychologist | university teacher,Canada | United States,English,
Q37151,Sun Tzu,Sun Tzu,6th century BCE Chinese general and military strategist,-0544,-544,year,julian,-0496,-496,year,julian,Q837855,Qi,Q13814628,Gusu,male,164,102023433 | 238042322 | 4452159248425904870004 | 769158790741438852563 | 9817407,0000000419909388,OL30553A | OL3690509A,1771,https://en.wikipedia.org/wiki/Sun_Tzu,https://es.wikipedia.org/wiki/Sun_Tzu,death_date,2026-09-30T15:47:14Z,Sun Tzu,military personnel | philosopher | writer,Qi | Wu,Chinese,
Q152824,Susan Sontag,Susan Sontag,"American writer and filmmaker, professor, and activist (1933–2004)",1933-01-16,1933,day,gregorian,2004-12-28,2004,day,gregorian,Q60,New York City,Q60,New York City,female,94,108171730,0000000121037046,OL33042A,7907,https://en.wikipedia.org/wiki/Susan_Sontag,https://es.wikipedia.org/wiki/Susan_Sontag,,2026-09-30T15:46:53Z,Susan Sontag,director | essayist | film critic | film director | historian | human rights defender | journalist | literary critic | novelist | opinion journalist | philosopher | professor | screenwriter | theatre director | women's rights activist | writer,United States,English,
Q2881513,Suso de Toro,Suso de Toro,Spanish writer,1956-01-10,1956,day,gregorian,,,,,Q14314,Santiago de Compostela,,,male,9,118053191,0000000109390904,OL5318052A,,https://en.wikipedia.org/wiki/Suso_de_Toro,https://es.wikipedia.org/wiki/Suso_de_Toro,,2026-09-30T15:47:14Z,Suso de Toro,children's writer | writer,Spain,Galician | Spanish,
Q274334,Svetlana Alexievich,Svetlana Aleksiévich,Belarusian investigative journalist and non-fiction prose writer (born 1948),1948-05-31,1948,day,gregorian,,,,,Q156726,Ivano-Frankivsk,,,female,121,24646187,0000000116088738,OL198376A,19003531,https://en.wikipedia.org/wiki/Svetlana_Alexievich,https://es.wikipedia.org/wiki/Svetlana_Aleksi%C3%A9vich,,2026-09-30T15:47:14Z,Svetlana Alexievich,historian | journalist | oral historian | writer,Belarus | Soviet Union,Belarusian | Russian,
Q133054,Sylvia Plath,Sylvia Plath,American poet and writer (1932–1963),1932-10-27,1932,day,gregorian,1963-02-11,1963,day,gregorian,Q100,Boston,Q84,London,female,111,14775269 | 310516796 | 6794153063150219320005,0000000121214196 | 0000000368638118 | 0000000368638126,OL4327652A,4379,https://en.wikipedia.org/wiki/Sylvia_Plath,https://es.wikipedia.org/wiki/Sylvia_Plath,,2026-09-30T15:46:53Z,Sylvia Plath,autobiographer | children's writer | diarist | draftsperson | essayist | librettist | novelist | poet | writer,United States,American English | English,Victoria Lucas
Q36951,Sándor Márai,Sándor Márai,Hungarian writer (1900–1989),1900-04-11,1900,day,gregorian,1989-02-21,1989,day,gregorian,Q25409,Košice,Q16552,San Diego,male,55,17266902,000000012122348X,OL2659564A,,https://en.wikipedia.org/wiki/S%C3%A1ndor_M%C3%A1rai,https://es.wikipedia.org/wiki/S%C3%A1ndor_M%C3%A1rai,,2026-09-30T15:47:14Z,Sándor Márai,journalist | novelist | opinion journalist | poet | screenwriter | translator | writer,Hungary,English | German | Hungarian,
Q6512,Søren Kierkegaard,Søren Kierkegaard,"Danish theologian, philosopher, poet and social critic (1813–1855)",1813-05-05,1813,day,gregorian,1855-11-11,1855,day,gregorian,Q1748,Copenhagen,Q1748,Copenhagen,male,170,7392250,0000000458754884,OL20509A,6172,https://en.wikipedia.org/wiki/S%C3%B8ren_Kierkegaard,https://es.wikipedia.org/wiki/S%C3%B8ren_Kierkegaard,,2026-09-30T15:47:23Z,Søren Kierkegaard,literary critic | novelist | philosopher | poet | theologian,Kingdom of Denmark,Danish | German | Latin,A | Anti-Climacus | B | Constantin Constantius | Constantine Constantius | H.H. | Hilarius Bookbinder | Inter et Inter | Johannes Climacus | Johannes de Silentio | Johannes de silentio | Judge William | Nicolaus Notabene | P. CH. Kierkegaard | Victor Eremita | Vigilius Haufniensis | Young Man
Q37767,T. S. Eliot,T. S. Eliot,US-British poet (1888–1965),1888-09-26,1888,day,gregorian,1965-01-04,1965,day,gregorian,Q38022,St. Louis,Q288781,Kensington,male,159,56609282,0000000121339888,OL116256A,18540,https://en.wikipedia.org/wiki/T._S._Eliot,https://es.wikipedia.org/wiki/T._S._Eliot,,2026-09-30T15:47:14Z,T. S. Eliot,Nobel Prize winner | bank teller | children's writer | essayist | literary critic | lyricist | playwright | poet | screenwriter | short story writer | social critic | university teacher | writer,United Kingdom | United States,English,
Q15452495,Ta-Nehisi Coates,Ta-Nehisi Coates,"American writer, journalist, and educator",1975-09-30,1975,day,gregorian,,,,,Q5092,Baltimore,,,male,30,63473922,0000000036544350,OL3379613A,1214964,https://en.wikipedia.org/wiki/Ta-Nehisi_Coates,https://es.wikipedia.org/wiki/Ta-Nehisi_Coates,,2026-09-30T15:46:53Z,Ta-Nehisi Coates,activist | author | blogger | comics writer | correspondent | editor | educator | journalist | novelist | senior editor | staff writer | visiting scholar | writer,United States,English,
Q7662663,Tan Twan Eng,Tan Twan Eng,Malaysian writer,1972-05-30,1972,day,gregorian,,,,,Q188096,Penang,,,male,14,85928889,0000000114508284,OL3946473A,13847588,https://en.wikipedia.org/wiki/Tan_Twan_Eng,https://es.wikipedia.org/wiki/Tan_Twan_Eng,,2026-09-30T15:47:23Z,Tan Twan Eng,aikidoka | jurist | lawyer | novelist | writer,Malaysia,English,
Q2394979,Tash Aw,Tash Aw,Malaysian writer (1971–),1971,1971,year,gregorian,,,,,Q1867,Taipei,,,male,9,85723301,000000010921840X,OL1393419A,140377,https://en.wikipedia.org/wiki/Tash_Aw,,,2026-09-30T15:46:57Z,Tash Aw,poet lawyer | writer,Malaysia,English,
Q46248,Terry Pratchett,Terry Pratchett,English fantasy author (1948–2015),1948-04-28,1948,day,gregorian,2015-03-12,2015,day,gregorian,Q812906,Beaconsfield,Q2554678,Broad Chalke,male,104,76382712,0000000121401960,OL25712A,1654,https://en.wikipedia.org/wiki/Terry_Pratchett,https://es.wikipedia.org/wiki/Terry_Pratchett,,2026-09-30T15:47:19Z,Terry Pratchett,author | children's writer | journalist | novelist | science fiction writer | screenwriter | writer,United Kingdom,English,
Q132805,Thomas Hardy,Thomas Hardy,English novelist and poet (1840–1928),1840-06-02,1840,day,gregorian,1928-01-11,1928,day,gregorian,Q503331,Dorchester,Q503331,Dorchester,male,119,54148778,0000000121333830,OL18277A,15905,https://en.wikipedia.org/wiki/Thomas_Hardy,https://es.wikipedia.org/wiki/Thomas_Hardy,,2026-09-30T15:46:53Z,Thomas Hardy,novelist | poet | screenwriter | writer,United Kingdom,English,
Q37030,Thomas Mann,Thomas Mann,German novelist and Nobel Prize laureate (1875–1955),1875-06-06,1875,day,gregorian,1955-08-12,1955,day,gregorian,Q2843,Lübeck,Q72,Zurich,male,165,54151065,0000000121333953,OL22973A,19405,https://en.wikipedia.org/wiki/Thomas_Mann,https://es.wikipedia.org/wiki/Thomas_Mann,,2026-09-30T15:47:14Z,Thomas Mann,autobiographer | diarist | essayist | musician | novelist | poet | screenwriter | short story writer | social critic | university teacher | writer,Czechoslovakia | German Reich | United States,German,
Q35155,Thomas Pynchon,Thomas Pynchon,American novelist (born 1937),1937-05-08,1937,day,gregorian,,,,,Q1006668,Glen Cove,,,male,77,88986700,0000000120965983,OL4423376A,235,https://en.wikipedia.org/wiki/Thomas_Pynchon,https://es.wikipedia.org/wiki/Thomas_Pynchon,,2026-09-30T15:47:14Z,Thomas Pynchon,essayist | novelist | science fiction writer | writer,United States,English,
Q41683,Thucydides,Tucídides,5th-century BC Athenian historian and general,-0460,-460,decade,julian,-0395,-395,year,julian,Q13464895,Halimous,Q1524,Athens,male,133,100897107 | 114167803537517772214 | 1170858221607681501 | 142167803539517772221 | 1508159478091027990008 | 159170858710407682459 | 187167803166317771996 | 229192560 | 258159474192927661983 | 261542009 | 266677796 | 267140529 | 268856521 | 305191583 | 34463767 | 9145857057222921481 | 947144647708407114797 | 95161463,000000012144141X,OL62641A,957,https://en.wikipedia.org/wiki/Thucydides,https://es.wikipedia.org/wiki/Tuc%C3%ADdides,,2026-09-30T15:47:19Z,Thucydides,historian | writer,Classical Athens,Ancient Greek,
Q310913,Thích Nhất Hạnh,Thích Nhất Hạnh,Vietnamese Buddhist monk and activist (1926–2022),1926-10-11,1926,day,gregorian,2022-01-22,2022,day,gregorian,Q36167,Huế,Q10748576,Từ Hiếu pogoda,male,64,87670142,0000000121425823,OL2623681A,9074,https://en.wikipedia.org/wiki/Th%C3%ADch_Nh%E1%BA%A5t_H%E1%BA%A1nh,https://es.wikipedia.org/wiki/Th%C3%ADch_Nh%E1%BA%A5t_H%E1%BA%A1nh,,2026-09-30T15:47:14Z,Thich Nhat Hanh,Buddhist monk | author | monk | musician | peace activist | poet | religious studies scholar | spiritual teacher | writer,France | Vietnam,English | French | Standard Chinese | Vietnamese,
Q295598,Tirso de Molina,Tirso de Molina,Spanish writer (c. 1583-c.1648),1583-03-24,1583,day,gregorian,1648-03-12,1648,day,gregorian,Q2807,Madrid,Q5202,Almazán,male,56,87464366,0000000117735570,OL49131A,,https://en.wikipedia.org/wiki/Tirso_de_Molina,https://es.wikipedia.org/wiki/Tirso_de_Molina,,2026-09-30T15:47:14Z,Tirso de Molina,Catholic priest | historian | monk | playwright | poet | writer,Spain,Spanish,Tirso de Molina
Q72334,Toni Morrison,Toni Morrison,"African American novelist, essayist, and academic (1931–2019)",1931-02-18,1931,day,gregorian,2019-08-05,2019,day,gregorian,Q609698,Lorain,Q60,New York City,female,133,109406177,0000000121037927 | 0000000368636040,OL31120A | OL6784512A,3534,https://en.wikipedia.org/wiki/Toni_Morrison,https://es.wikipedia.org/wiki/Toni_Morrison,death_place,2026-09-30T15:47:23Z,Toni Morrison,audiobook narrator | children's writer | editing staff | essayist | librettist | novelist | poet | university teacher | writer | young adult author,United States,English,
Q102071,Tove Jansson,Tove Jansson,Finnish children's writer and illustrator (1914–2001),1914-08-09,1914,day,gregorian,2001-06-27,2001,day,gregorian,Q1757,Helsinki,Q1757,Helsinki,female,85,111533709,0000000121478925 | 0000000484448792,OL279921A,45230,https://en.wikipedia.org/wiki/Tove_Jansson,https://es.wikipedia.org/wiki/Tove_Jansson,birth_place,2026-09-30T15:46:53Z,Tove Jansson,author | caricaturist | cartoonist | children's writer | comics writer | draftsperson | exlibrist | graphic artist | illustrator | muralist | painter | picture book writer | writer,Finland | Grand Duchy of Finland,Finnish | Swedish,Vera Haij
Q270837,Tsitsi Dangarembga,Tsitsi Dangarembga,Zimbabwean author and filmmaker,1959-02-14,1959,day,gregorian,,,,,Q489569,Mutoko,,,female,48,84149102,0000000116802380,OL882516A,91947,https://en.wikipedia.org/wiki/Tsitsi_Dangarembga,https://es.wikipedia.org/wiki/Tsitsi_Dangarembga,,2026-09-30T15:46:57Z,Tsitsi Dangarembga,film director | playwright | screenwriter | writer,Zimbabwe,English,
Q12807,Umberto Eco,Umberto Eco,"Italian semiotician, essayist, philosopher, literary critic, and novelist (1932–2016)",1932-01-05,1932,day,gregorian,2016-02-19,2016,day,gregorian,Q6088,Alessandria,Q490,Milan,male,151,108299403,0000000122839390,OL20735A,1730,https://en.wikipedia.org/wiki/Umberto_Eco,https://es.wikipedia.org/wiki/Umberto_Eco,,2026-09-30T15:46:53Z,Umberto Eco,essayist | historian | literary critic | literary scholar | medievalist | novelist | pedagogue | philosopher | screenwriter | semiologist | translator | university teacher | writer,Italy | Kingdom of Italy,French | Italian | Latin,Dedalus
Q181659,Ursula K. Le Guin,Ursula K. LeGuin,American fantasy and science fiction author (1929–2018),1929-10-21,1929,day,gregorian,2018-01-22,2018,day,gregorian,Q484678,Berkeley,Q6106,Portland,female,110,101734435,0000000121457729,OL31353A,874602,https://en.wikipedia.org/wiki/Ursula_K._Le_Guin,https://es.wikipedia.org/wiki/Ursula_K._Le_Guin,,2026-09-30T15:46:53Z,Ursula K. Le Guin,novelist,United States,English,
Q15449810,Valeria Luiselli,Valeria Luiselli,Mexican writer,1983-08-16,1983,day,gregorian,,,,,Q1489,Mexico City,,,female,23,160575889,0000000119591013,OL7505388A,,https://en.wikipedia.org/wiki/Valeria_Luiselli,https://es.wikipedia.org/wiki/Valeria_Luiselli,,2026-09-30T15:46:53Z,Valeria Luiselli,docent | journalist | novelist | university teacher | writer,Mexico,English | Spanish,
Q117018,Vicente Huidobro,Vicente Huidobro,Chilean poet,1893-01-10,1893,day,gregorian,1948-01-02,1948,day,gregorian,Q2887,Santiago,Q3738,Cartagena,male,32,12329,0000000108544676,OL256110A,51808,https://en.wikipedia.org/wiki/Vicente_Huidobro,https://es.wikipedia.org/wiki/Vicente_Huidobro,,2026-09-30T15:46:53Z,Vicente Huidobro,journalist | playwright | poet | writer,Chile,French | Spanish,
Q535,Victor Hugo,Victor Hugo,"French novelist, poet, dramatist and politician (1802–1885)",1802-02-26,1802,day,gregorian,1885-05-22,1885,day,gregorian,Q37776,Besançon,Q90,Paris,male,269,9847974,0000000121200982,OL107571A,13661,https://en.wikipedia.org/wiki/Victor_Hugo,https://es.wikipedia.org/wiki/Victor_Hugo,,2026-09-30T15:47:19Z,Victor Hugo,art historian | author | draftsperson | essayist | graphic artist | illustrator | librettist | member of parliament | novelist | opinion journalist | playwright | poet | politician | travel writer | writer,France,French,
Q23887092,Viet Thanh Nguyen,Viet Thanh Nguyen,American author of fiction,1971-03-13,1971,day,gregorian,,,,,Q33469,Buôn Ma Thuột,,,male,30,56828605,0000000078420970,OL1603399A,282390,https://en.wikipedia.org/wiki/Viet_Thanh_Nguyen,https://es.wikipedia.org/wiki/Viet_Thanh_Nguyen,,2026-09-30T15:46:57Z,Viet Thanh Nguyen,americanist | ethnologist | literary scholar | novelist | university teacher | writer,United States,English | Vietnamese,
Q379762,Vikram Seth,Vikram Seth,Indian novelist and poet,1952-06-20,1952,day,gregorian,,,,,Q1348,Kolkata,,,male,47,109238969,0000000109327921,OL22665A,28345,https://en.wikipedia.org/wiki/Vikram_Seth,https://es.wikipedia.org/wiki/Vikram_Seth,,2026-09-30T15:47:14Z,Vikram Seth,biographer | children's writer | editor | librettist | novelist | poet | screenwriter | writer,India,English | German | Hindi | Standard Chinese | Urdu | Welsh,
Q154723,Viktor Frankl,Viktor Frankl,"Austrian Holocaust survivor, psychiatrist, philosopher and author (1905–1997)",1905-03-26,1905,day,gregorian,1997-09-02,1997,day,gregorian,Q1741,Vienna,Q1741,Vienna,male,81,95178598,0000000077246544 | 0000000108594462,OL6200391A,2782,https://en.wikipedia.org/wiki/Viktor_Frankl,https://es.wikipedia.org/wiki/Viktor_Frankl,,2026-09-30T15:46:53Z,Viktor Frankl,aircraft pilot | existential therapist | neurologist | psychiatrist | psychologist | psychotherapist | surgeon | university teacher | writer,Austria,Austrian German | German,Norbert Lebrument
Q1398,Virgil,Virgilio,Roman poet (1st century BC),-0070-10-15,-70,day,julian,-0019-09-21,-19,day,julian,Q491753,Andes,Q13496,Brindisi,male,245,2158158792840839040009 | 227161272251847442444 | 8194433,0000000430695667,OL28294A,16886504 | 919,https://en.wikipedia.org/wiki/Virgil,https://es.wikipedia.org/wiki/Virgilio,,2026-09-30T15:46:53Z,Virgil,poet | writer,Ancient Rome,Latin,
Q40909,Virginia Woolf,Virginia Woolf,English modernist writer (1882–1941),1882-01-25,1882,day,gregorian,1941-03-28,1941,day,gregorian,Q84,London,Q246884,Lewes,female,176,39385478,0000000120959604,OL19450A,6765,https://en.wikipedia.org/wiki/Virginia_Woolf,https://es.wikipedia.org/wiki/Virginia_Woolf,,2026-09-30T15:47:19Z,Virginia Woolf,author | autobiographer | diarist | essayist | literary critic | novelist | publisher | short story writer | women's rights activist | writer,United Kingdom,English,
Q9068,Voltaire,Voltaire,"French writer, historian and philosopher (1694–1778)",1694-11-21,1694,day,gregorian,1778-05-30,1778,day,gregorian,Q90,Paris,Q90,Paris,male,256,36925746,0000000121280652,OL32293A,5754446,https://en.wikipedia.org/wiki/Voltaire,https://es.wikipedia.org/wiki/Voltaire,,2026-09-30T15:47:23Z,Voltaire,autobiographer | correspondent | diarist | encyclopédistes | essayist | historian | philosopher | playwright | poet | poet lawyer | political scientist | science fiction writer | writer,Kingdom of France,French,Bénédictin | Voltaire
Q76952,W. G. Sebald,W. G. Sebald,German writer and academic (1944-2001),1944-05-18,1944,day,gregorian,2001-12-14,2001,day,gregorian,Q549138,Wertach,Q23109,Norfolk,male,44,7399859,0000000122760797,OL34270A,6580622,https://en.wikipedia.org/wiki/W._G._Sebald,https://es.wikipedia.org/wiki/W._G._Sebald,,2026-09-30T15:47:23Z,W. G. Sebald,literary scholar | philologist | photographer | university teacher | writer,Germany,English | German,
Q81438,Walt Whitman,Walt Whitman,"American poet, essayist and journalist (1819–1892)",1819-05-31,1819,day,gregorian,1892-03-26,1892,day,gregorian,Q18438,Long Island,Q138367,Camden,male,149,2478331,0000000121178631,OL23178A,1438,https://en.wikipedia.org/wiki/Walt_Whitman,https://es.wikipedia.org/wiki/Walt_Whitman,birth_place,2026-09-30T15:47:23Z,Walt Whitman,editor | essayist | journalist | novelist | poet | publisher | teacher | typographer | writer,United States,English,
Q79025,Walter Scott,Walter Scott,"Scottish novelist, poet and playwright (1771–1832)",1771-08-15,1771,day,gregorian,1832-09-21,1832,day,gregorian,Q23436,Edinburgh,Q246076,Abbotsford House,male,139,95207079,0000000121441874,OL75235A,4345,https://en.wikipedia.org/wiki/Walter_Scott,https://es.wikipedia.org/wiki/Walter_Scott,,2026-09-30T15:47:23Z,Walter Scott,biographer | historian | judge | jurist | lawyer | linguist | literary critic | musicologist | novelist | playwright | poet | poet lawyer | short story writer | translator | writer,Kingdom of Great Britain | United Kingdom,English,Clutterbuck | Jedediah Cleishbotham | Laurence Templeton | Lawrence Templeton | Malachi Malagrowther | Somnambulus
Q229480,Willa Cather,Willa Cather,American writer (1873–1947),1873-12-07,1873,day,gregorian,1947-04-24,1947,day,gregorian,Q3477974,Gore,Q11299,Manhattan,female,64,2480701,0000000121178818,OL22583A,881203,https://en.wikipedia.org/wiki/Willa_Cather,https://es.wikipedia.org/wiki/Willa_Cather,,2026-09-30T15:46:57Z,Willa Cather,novelist,United States,English,
Q41513,William Blake,William Blake,English poet and artist (1757–1827),1757-11-28,1757,day,gregorian,1827-08-12,1827,day,gregorian,Q84,London,Q84,London,male,162,54144439,000000012096135X,OL41961A,13453,https://en.wikipedia.org/wiki/William_Blake,https://es.wikipedia.org/wiki/William_Blake,,2026-09-30T15:47:19Z,William Blake,artist | collector | copper engraver | draftsperson | engraver | exlibrist | illustrator | librettist | lithographer | miniature painter | painter | philosopher | poet | printer | printmaker | sculptor | theologian | watercolorist | writer,Kingdom of Great Britain | United Kingdom | United Kingdom of Great Britain and Ireland,English,
Q40213,William Butler Yeats,William Butler Yeats,Irish poet and playwright (1865–1939),1865-06-13,1865,day,gregorian,1939-01-28,1939,day,gregorian,Q966849,Sandymount,Q180083,Menton,male,154,46768718,0000000120960541 | 0000000368634133,OL21207A,29963,https://en.wikipedia.org/wiki/W._B._Yeats,https://es.wikipedia.org/wiki/William_Butler_Yeats,death_place,2026-09-30T15:47:19Z,W. B. Yeats,astrologer | mystic | playwright | poet | politician | writer,Irish Free State,English,
Q38392,William Faulkner,William Faulkner,American writer (1897-1962),1897-09-25,1897,day,gregorian,1962-07-06,1962,day,gregorian,Q1779875,New Albany,Q892509,Byhalia,male,147,39376770,0000000121287491,OL21831A,3535,https://en.wikipedia.org/wiki/William_Faulkner,https://es.wikipedia.org/wiki/William_Faulkner,,2026-09-30T15:47:19Z,William Faulkner,children's writer | novelist | playwright | poet | screenwriter | short story writer | writer,United States,English,
Q692,William Shakespeare,William Shakespeare,English playwright and poet (1564–1616),1564-04,1564,month,julian,1616-04-23,1616,day,julian,Q189288,Stratford-upon-Avon,Q189288,Stratford-upon-Avon,male,336,96994048,0000000121032683,OL9388A,947,https://en.wikipedia.org/wiki/William_Shakespeare,https://es.wikipedia.org/wiki/William_Shakespeare,,2026-09-30T15:47:23Z,William Shakespeare,actor | dramaturge | playwright | poet | stage actor | writer,Kingdom of England,Early Modern English,
Q45546,William Wordsworth,William Wordsworth,English Romantic poet (1770–1850),1770-04-07,1770,day,gregorian,1850-04-23,1850,day,gregorian,Q241684,Cockermouth,Q782981,Rydal Mount,male,141,35723133,0000000121278691,OL26159A,,https://en.wikipedia.org/wiki/William_Wordsworth,https://es.wikipedia.org/wiki/William_Wordsworth,,2026-09-30T15:47:19Z,William Wordsworth,lyricist | poet | writer,Kingdom of Great Britain | United Kingdom of Great Britain and Ireland,English,
Q42552,Wisława Szymborska,Maria Wisława Anna Szymborska,"Polish poet, Nobel Prize winner (1923–2012)",1923-07-02,1923,day,gregorian,2012-02-01,2012,day,gregorian,Q11828000,Prowent,Q31487,Kraków,female,121,88346011,0000000120302418,OL183089A,6669,https://en.wikipedia.org/wiki/Wis%C5%82awa_Szymborska,https://es.wikipedia.org/wiki/Wis%C5%82awa_Szymborska,,2026-09-30T15:47:19Z,Wisława Szymborska,critic | essayist | literary critic | mechanic | poet | translator | writer,Poland,Polish,
Q275175,Witold Gombrowicz,Witold Gombrowicz,Polish writer (1904–1969),1904-08-04,1904,day,gregorian,1969-07-24,1969,day,gregorian,Q6799455,"Małoszyce, Świętokrzyskie Voivodeship",Q192368,Vence,male,59,97857022,0000000121447336,OL34096A,9632,https://en.wikipedia.org/wiki/Witold_Gombrowicz,https://es.wikipedia.org/wiki/Witold_Gombrowicz,,2026-09-30T15:47:14Z,Witold Gombrowicz,diarist | essayist | jurist | novelist | playwright | poet lawyer | short story writer | writer,Congress Poland | Poland | Second Polish Republic,Polish,
Q41488,Wole Soyinka,Wole Soyinka,Nigerian writer (born 1934),1934-07-13,1934,day,gregorian,,,,,Q836657,Ogun State,,,male,112,105939176,0000000122837862,OL67096A,978,https://en.wikipedia.org/wiki/Wole_Soyinka,https://es.wikipedia.org/wiki/Wole_Soyinka,,2026-09-30T15:47:19Z,Wole Soyinka,essayist | novelist | philosopher | playwright | poet | professor | satirical novelist | translator | writer,Nigeria,English | Nigerian Pidgin | Yoruba,
Q463334,Xue Xinran,Xue Xinran,British-Chinese journalist,1958,1958,year,gregorian,,,,,Q956,Beijing,,,female,17,10895652,0000000122817175,OL1513661A,,https://en.wikipedia.org/wiki/Xinran,https://es.wikipedia.org/wiki/Xinran,,2026-09-30T15:47:19Z,Xue Xinran,journalist | writer,United Kingdom,Chinese | English,Xinran
Q27757818,Yaa Gyasi,Yaa Gyasi,Ghanaian-American novelist,1989,1989,year,gregorian,,,,,Q992747,Mampong,,,female,33,117144647683735584397,0000000459492214,OL7400941A,14493315,https://en.wikipedia.org/wiki/Yaa_Gyasi,https://es.wikipedia.org/wiki/Yaa_Gyasi,,2026-09-30T15:47:14Z,Yaa Gyasi,novelist | writer,Ghana | United States,English,
Q43736,Yasunari Kawabata,Yasunari Kawabata,Japanese novelist (1899–1972),1899-06-11,1899,day,gregorian,1972-04-16,1972,day,gregorian,Q35765,Osaka,Q230843,Zushi,male,125,97450170,0000000088384272,OL248278A,8550,https://en.wikipedia.org/wiki/Yasunari_Kawabata,https://es.wikipedia.org/wiki/Yasunari_Kawabata,,2026-09-30T15:47:19Z,Yasunari Kawabata,novelist | poet | screenwriter | writer,Japan,Japanese,
Q327142,Yaşar Kemal,Yaşar Kemal,Kurdish writer and human rights activist (1923–2015),1923-10-06,1923,day,gregorian,2015-02-28,2015,day,gregorian,Q1559300,Gökçedam,Q406,Istanbul,male,55,34458659,0000000121272281 | 0000000368639890,OL14114A,,https://en.wikipedia.org/wiki/Ya%C5%9Far_Kemal,https://es.wikipedia.org/wiki/Ya%C5%9Far_Kemal,,2026-09-30T15:47:14Z,Yaşar Kemal,journalist | novelist | poet | screenwriter | short story writer | translator | writer,Turkey,Turkish,
Q379520,Yu Hua,Yu Hua,Chinese writer (1960–),1960-04-03,1960,day,gregorian,,,,,Q4970,Hangzhou,,,male,38,49324121,0000000083808435,OL2675313A,192095,https://en.wikipedia.org/wiki/Yu_Hua,https://es.wikipedia.org/wiki/Yu_Hua,,2026-09-30T15:47:14Z,Yu Hua,dentist | novelist | screenwriter | writer,People's Republic of China,Chinese,
Q134456,Yukio Mishima,Yukio Mishima,Japanese author (1925–1970),1925-01-14,1925,day,gregorian,1970-11-25,1970,day,gregorian,Q1490,Tokyo,Q7473516,Tokyo,male,110,122035954 | 27068909,0000000121496808,OL220942A,16429668 | 35258,https://en.wikipedia.org/wiki/Yukio_Mishima,https://es.wikipedia.org/wiki/Yukio_Mishima,birth_place,2026-09-30T15:46:53Z,Yukio Mishima,actor | civil servant | critic | essayist | film actor | film director | model | narrator | novelist | playwright | poet | political activist | prose writer | screenwriter | short story writer | stage actor | theatre director | translator | writer,Japan,Japanese,Yukio Mishima | 三島由紀夫 | 榊山保
Q2484404,Yuval Noah Harari,Yuval Noah Harari,Israeli historian and author of popular science bestsellers,1976-02-24,1976,day,gregorian,,,,,Q152602,Kiryat Ata,,,male,88,316756655,0000000084321530,OL3778242A,395812,https://en.wikipedia.org/wiki/Yuval_Noah_Harari,https://es.wikipedia.org/wiki/Yuval_Noah_Harari,,2026-09-30T15:46:57Z,Yuval Noah Harari,historian | medievalist | military historian | philosopher | popular science author | university teacher | writer,Israel,English | Hebrew | Russian,
Q140052,Zadie Smith,Zadie Smith,"English novelist, essayist and short story writer (born 1975)",1975-10-25,1975,day,gregorian,,,,,Q84,London,,,female,61,14951645,000000012276857X,OL30118A,2522,https://en.wikipedia.org/wiki/Zadie_Smith,https://es.wikipedia.org/wiki/Zadie_Smith,,2026-09-30T15:46:53Z,Zadie Smith,academic | essayist | novelist | writer,United Kingdom,English,
Q220480,Zora Neale Hurston,Zora Neale Hurston,"African American folklorist, novelist, short story writer, and Civic Rights advocate (1891–1960)",1891-01-07,1891,day,gregorian,1960-01-28,1960,day,gregorian,Q68131,Notasulga,Q584340,Fort Pierce,female,66,62824341,0000000109083197,OL226273A,15151,https://en.wikipedia.org/wiki/Zora_Neale_Hurston,https://es.wikipedia.org/wiki/Zora_Neale_Hurston,,2026-09-30T15:46:57Z,Zora Neale Hurston,anthropologist | civil rights advocate | film director | folklorist | historian | journalist | novelist | playwright | writer,United States,English,
Q561434,al-Tayyib Salih,Tayeb Saleh,Sudanese novelist and short story writer (1929–2009),1929-07-12,1929,day,gregorian,2009-02-19,2009,day,gregorian,Q1754253,Al Dabbah,Q84,London,male,38,68971699,0000000121380784,OL454048A,,https://en.wikipedia.org/wiki/Tayeb_Salih,https://es.wikipedia.org/wiki/Tayeb_Saleh,,2026-09-30T15:47:19Z,Tayeb Salih,diplomat | journalist | novelist | writer,Sudan,Arabic,
Q259507,bell hooks,bell hooks,American author and activist (1952–2021),1952-09-25,1952,day,gregorian,2021-12-15,2021,day,gregorian,Q845461,Hopkinsville,Q3180809,Berea,female,61,79115934,000000011072449X,OL2631291A,10697,https://en.wikipedia.org/wiki/Bell_hooks,https://es.wikipedia.org/wiki/Bell_hooks,,2026-09-30T15:46:57Z,bell hooks,literary scholar | non-fiction writer | philosopher | university teacher | writer,United States,American English | English,bell hooks
Q252088,Ángeles Mastretta,Ángeles Mastretta,Mexican writer,1949-10-09,1949,day,gregorian,,,,,Q125293,Heroica Puebla de Zaragoza,,,female,15,85310714,0000000120965254,OL67168A,,https://en.wikipedia.org/wiki/%C3%81ngeles_Mastretta,https://es.wikipedia.org/wiki/%C3%81ngeles_Mastretta,,2026-09-30T15:46:57Z,Ángeles Mastretta,journalist | writer,Mexico,Spanish,
Q504,Émile Zola,Émile Zola,"French novelist, journalist, playwright, and poet (1840–1902)",1840-04-02,1840,day,gregorian,1902-09-29,1902,day,gregorian,Q3449906,rue Saint-Joseph,Q275118,9th arrondissement of Paris,male,166,32004502,0000000120958660,OL32772A,4750,https://en.wikipedia.org/wiki/%C3%89mile_Zola,https://es.wikipedia.org/wiki/%C3%89mile_Zola,,2026-09-30T15:47:19Z,Émile Zola,art critic | essayist | journalist | librettist | literary critic | novelist | photographer | playwright | poet | political reporter | short story writer | theatre critic | writer,France,French,
